AÃ±o,Trimestre,Provincia,Accesos por cada 100 hab,Accesos por cada 100 hogares,HASTA 512 kbps,+ 512 Kbps - 1 Mbps,+ 1 Mbps - 6 Mbps,+ 6 Mbps - 10 Mbps,+ 10 Mbps - 20 Mbps,+ 20 Mbps - 30 Mbps,+ 30 Mbps,OTROS,Total
2014,1,Buenos Aires,16.692346018019,54.5700728794398,8469.0,171244.48,2279875.0,121787.12,38923.32,206.16,4037.0,0.0,2624542.08
2014,1,Capital Federal,42.6550716305864,112.254122789269,852.0,88825.52,1096050.0,70292.88,38797.68,54.84,6208.0,0.0,1301080.92
2014,1,Catamarca,6.1846145207766,24.2517512545856,19.0,9147.0,13330.0,1672.0,64.0,0.0,0.0,0.0,24232.0
2014,1,Chaco,5.55367146370263,20.7185388638408,438.0,15849.0,40869.0,4644.0,741.0,5.0,0.0,0.0,62546.0
2014,1,Chubut,12.7035901332393,41.2352180797243,7452.0,10.0,61329.0,0.0,0.0,0.0,0.0,0.0,68791.0
2014,1,Cordoba,16.1251831437494,52.5178475440063,2076.0,107705.0,423114.0,24112.0,9818.0,40.0,588.0,0.0,567453.0
2014,1,Corrientes,5.89170828868197,22.3167167138389,20.0,16357.0,40742.0,4486.0,630.0,0.0,0.0,0.0,62235.0
2014,1,Entre Rios,10.3022471048393,34.3671218212502,2177.0,35206.0,85248.0,10828.0,746.0,0.0,43.0,0.0,134248.0
2014,1,Formosa,4.44446775479377,17.4184510793687,2062.0,8475.0,13685.0,1133.0,67.0,0.0,0.0,0.0,25422.0
2014,1,Jujuy,4.72430277882911,18.4153524468777,1832.0,11498.0,18415.0,2002.0,56.0,0.0,0.0,0.0,33803.0
2014,1,La Pampa,15.9940619540067,48.425321038282,7434.0,6535.0,32501.0,17.0,5.0,4.0,10.0,0.0,46506.0
2014,1,La Rioja,4.35317490004406,16.2941048158375,10.0,5111.0,9390.0,1165.0,35.0,0.0,0.0,0.0,15711.0
2014,1,Mendoza,8.93331832282328,31.9131229866058,35.0,6.0,166655.0,19.0,10.0,6.0,9.0,0.0,166740.0
2014,1,Misiones,6.32316098194971,23.1365386484773,545.0,14460.0,52852.0,5139.0,958.0,0.0,0.0,0.0,73954.0
2014,1,Neuquen,14.8822657665075,49.7916051913856,4133.0,987.0,77148.0,84.0,1582.0,2.0,22.0,0.0,83958.0
2014,1,Rio Negro,13.867842232252,44.9139571317885,4670.0,4618.0,84304.0,73.0,1062.0,1.0,8.0,0.0,94736.0
2014,2,Buenos Aires,16.7949254349917,55.0614169514339,6902.0,162273.72,2288771.6,140226.12,56548.92,284.32,4309.0,0.0,2659315.68
2014,2,Capital Federal,42.9747769614274,113.14335247541,847.0,81431.28,1078213.4,87358.88,56004.08,58.68,6427.0,0.0,1310340.32
2014,2,Catamarca,6.28435543538314,24.7031188600584,19.0,8844.0,13794.0,1915.0,111.0,0.0,0.0,0.0,24683.0
2014,2,Chaco,5.60212756727661,20.9579963674944,412.0,14854.0,41530.0,5418.0,1085.0,5.0,0.0,0.0,63304.0
2014,2,Chubut,12.6962893613957,41.4102098199126,2064.0,6582.0,61868.0,0.0,0.0,0.0,0.0,0.0,70514.0
2014,2,Cordoba,16.3654084204053,53.448126115626,2105.0,101598.0,429536.0,28698.0,14824.0,76.0,627.0,0.0,577464.0
2014,2,Corrientes,5.94526705446853,22.5756130032436,20.0,15563.0,41219.0,5199.0,956.0,0.0,0.0,0.0,62957.0
2014,2,Entre Rios,10.3720720658694,34.6874323714598,2187.0,32781.0,86757.0,12564.0,1162.0,0.0,44.0,0.0,135495.0
2014,2,Formosa,4.46486967289597,17.5404117548517,2032.0,8218.0,13944.0,1321.0,85.0,0.0,0.0,0.0,25600.0
2014,2,Jujuy,4.78409543407859,18.7060609994136,1873.0,11233.0,18851.0,2305.0,82.0,0.0,0.0,0.0,34344.0
2014,2,La Pampa,16.3790489033622,49.7075961603446,7032.0,6761.0,34089.0,18.0,5.0,4.0,10.0,0.0,47919.0
2014,2,La Rioja,4.39338341878784,16.5025648163457,10.0,4785.0,9719.0,1337.0,61.0,0.0,0.0,0.0,15912.0
2014,2,Mendoza,8.95860097015214,32.0982381502412,35.0,6.0,166710.0,31.0,10.0,5.0,10.0,0.0,166807.0
2014,2,Misiones,6.36580742599405,23.3677476012998,540.0,13644.0,53245.0,5924.0,1334.0,2.0,0.0,0.0,74689.0
2014,2,Neuquen,15.1375680294983,50.8427490584487,1531.0,3206.0,79087.0,92.0,2289.0,2.0,30.0,0.0,86237.0
2014,2,Rio Negro,13.9465694232689,45.3349103201463,3468.0,5507.0,84978.0,78.0,1569.0,2.0,8.0,0.0,95610.0
2014,2,Salta,7.00401550152647,28.9145940008629,53.0,18818.0,64440.0,8293.0,388.0,0.0,0.0,0.0,91992.0
2014,2,San Juan,7.07777106262497,27.7826978179589,10.0,507.0,51129.0,0.0,0.0,0.0,0.0,0.0,51646.0
2014,2,San Luis,2.78151226486048,9.71791019987182,7.0,0.0,13045.0,0.0,0.0,1.0,2.0,0.0,13055.0
2014,2,Santa Cruz,8.7446731811569,29.3770071530543,153.0,1637.0,25374.0,2.0,0.0,0.0,0.0,0.0,27166.0
2014,2,Santa Fe,15.2169574282303,48.3903513867014,8515.0,115197.0,353559.0,23939.0,10058.0,34.0,792.0,0.0,512094.0
2014,2,Santiago Del Estero,4.14368314793901,16.6955673473544,1231.0,9914.0,23842.0,2867.0,142.0,0.0,0.0,0.0,37996.0
2014,2,Tierra Del Fuego,19.0863143365562,64.3560451715994,12.0,334.0,31198.0,2.0,0.0,0.0,0.0,0.0,31546.0
2014,2,Tucuman,8.40948858817327,33.9445268856823,6.0,32714.0,84675.0,14101.0,559.0,4.0,0.0,0.0,132059.0
2014,3,Buenos Aires,17.262998432341,56.754739164071,7355.0,128186.72,2281523.6,156693.12,68946.92,243.32,4232.0,0.0,2647180.68
2014,3,Capital Federal,43.2063995929272,113.800512332415,840.0,78016.28,1060145.4,102169.88,70907.08,94.68,6626.0,0.0,1318799.32
2014,3,Catamarca,6.26989025279194,24.7061213053276,19.0,8845.0,13790.0,1915.0,111.0,0.0,0.0,0.0,24680.0
2014,3,Chaco,5.62775722230021,21.1126667052624,398.0,14731.0,41934.0,5428.0,1274.0,5.0,0.0,0.0,63770.0
2014,3,Chubut,12.3882340714514,40.5986709442745,2013.0,6281.0,60771.0,34.0,0.0,0.0,0.0,0.0,69099.0
2014,3,Cordoba,16.5601374978714,54.2336102829994,660.0,98992.0,435692.0,28992.0,18888.0,84.0,664.0,0.0,583972.0
2014,3,Corrientes,5.98628267191169,22.7875350351524,21.0,15448.0,41717.0,5181.0,1172.0,0.0,0.0,0.0,63539.0
2014,3,Entre Rios,10.4338264358501,34.981647333713,1709.0,29710.0,91450.0,12569.0,1310.0,0.0,48.0,0.0,136796.0
2014,3,Formosa,4.51292526712683,17.7713148314683,2001.0,8323.0,14202.0,1324.0,85.0,0.0,0.0,0.0,25935.0
2014,3,Jujuy,4.68339443034039,18.3685342155704,127.0,10979.0,20216.0,2305.0,82.0,0.0,0.0,0.0,33709.0
2014,3,La Pampa,18.3375340019153,55.7812017385042,6458.0,6645.0,41009.0,24.0,5.0,4.0,10.0,0.0,54155.0
2014,3,La Rioja,4.37903587474791,16.5067132740672,10.0,4785.0,9720.0,1337.0,61.0,0.0,0.0,0.0,15913.0
2014,3,Mendoza,8.99223693701461,32.3131795616557,35.0,0.0,167763.0,31.0,12.0,13.0,1.0,0.0,167855.0
2014,3,Misiones,6.39977366685188,23.5673569543455,640.0,13637.0,53510.0,5928.0,1606.0,0.0,1.0,0.0,75322.0
2014,3,Neuquen,16.7266886493093,56.3954110270698,1522.0,3099.0,80090.0,107.0,2865.0,10.0,27.0,0.0,87720.0
2014,3,Rio Negro,14.1599328062096,46.1961871578301,3640.0,5189.0,86868.0,87.0,1944.0,8.0,9.0,0.0,97745.0
2014,3,Salta,7.05354927369401,29.2226843537979,732.0,17481.0,66026.0,8314.0,388.0,0.0,0.0,0.0,92941.0
2014,3,San Juan,7.07524804156139,27.8542444781027,8.0,487.0,51276.0,0.0,0.0,0.0,0.0,0.0,51771.0
2014,3,San Luis,2.77005134128578,9.71121075967275,8.0,0.0,13029.0,0.0,0.0,3.0,0.0,0.0,13040.0
2014,3,Santa Cruz,8.34323913237982,28.231942904275,195.0,1624.0,24248.0,1.0,1.0,0.0,0.0,0.0,26069.0
2014,3,Santa Fe,15.4379886546179,49.1958844455727,8230.0,112593.0,357615.0,23962.0,12124.0,38.0,806.0,0.0,515368.0
2014,3,Santiago Del Estero,4.08216959029359,16.4922039083019,791.0,9914.0,23826.0,2867.0,142.0,0.0,0.0,0.0,37540.0
2014,3,Tierra Del Fuego,19.3443922627806,65.6861020447619,12.0,336.0,32348.0,2.0,0.0,0.0,0.0,0.0,32698.0
2014,3,Tucuman,8.38167843005843,33.9437558222181,6.0,32716.0,84668.0,14101.0,559.0,4.0,0.0,0.0,132054.0
2015,1,Buenos Aires,17.241393436944,56.3704843302674,8882.0,123588.88,2267851.56,220070.4,126958.44,1560.64,5700.0,0.0,2754611.92
2015,1,Capital Federal,43.658724990074,114.896997148903,2545.0,59084.12,1013510.44,134150.6,114568.56,1195.36,8401.0,0.0,1333455.08
2015,1,Catamarca,6.40301699079434,25.1094663307876,13.0,7634.0,13754.0,3202.0,517.0,9.0,1.0,0.0,25130.0
2015,1,Chaco,7.14308917535775,26.6495912203056,26.0,12053.0,47425.0,15883.0,5346.0,489.0,135.0,0.0,81357.0
2015,1,Chubut,11.5857987745568,37.6127806859079,651.0,6176.0,57333.0,102.0,0.0,0.0,0.0,0.0,64262.0
2015,1,Cordoba,16.7936219024859,54.6973465018821,157.0,78427.0,432802.0,46574.0,37443.0,1615.0,815.0,0.0,597833.0
2015,1,Corrientes,7.64256876399628,28.9501912819093,36.0,13295.0,47842.0,15554.0,4424.0,235.0,98.0,0.0,81484.0
2015,1,Entre Rios,12.6093360869829,42.0651933735121,2867.0,23951.0,104168.0,28113.0,6926.0,274.0,119.0,0.0,166418.0
2015,1,Formosa,4.62384901660949,18.1227036739718,1891.0,7336.0,14413.0,2024.0,878.0,157.0,1.0,0.0,26700.0
2015,1,Jujuy,5.05087991347104,19.6897136326236,2458.0,9754.0,19858.0,3939.0,603.0,0.0,0.0,0.0,36612.0
2015,1,La Pampa,18.332348933632,55.5080323273377,6059.0,8054.0,45038.0,26.0,10.0,13.0,10.0,0.0,59210.0
2015,1,La Rioja,4.46232446314409,16.7032017874138,11.0,4201.0,9379.0,2207.0,533.0,0.0,3.0,0.0,16334.0
2015,1,Mendoza,9.05923641753412,32.3658875605183,287.0,24.0,169763.0,38.0,16.0,6.0,11.0,0.0,170145.0
2015,1,Misiones,7.18848302796675,26.3056041051906,958.0,11136.0,51906.0,12387.0,8543.0,194.0,26.0,0.0,85150.0
2015,1,Neuquen,15.5262500689212,51.9544367381025,1895.0,2577.0,80787.0,170.0,4067.0,2.0,76.0,0.0,89574.0
2015,1,Rio Negro,13.9938752623861,45.3269490720278,3371.0,4913.0,86173.0,94.0,2632.0,2.0,42.0,0.0,97227.0
2015,1,Salta,7.29464296478474,30.0097882334428,1123.0,14151.0,64992.0,13955.0,2569.0,15.0,5.0,0.0,96810.0
2015,1,San Juan,7.03958245314213,27.5531927597664,8.0,445.0,51346.0,0.0,0.0,0.0,2.0,0.0,51801.0
2015,1,San Luis,2.79040145762204,9.71604896376059,10.0,8.0,12720.0,0.0,1.0,0.0,2.0,0.0,12741.0
2015,1,Santa Cruz,8.39189695742154,27.9948639434945,205.0,27.0,26048.0,2.0,0.0,0.0,0.0,0.0,26282.0
2015,1,Santa Fe,15.8327732920364,50.2444947593192,6883.0,93096.0,360964.0,45270.0,27597.0,1542.0,900.0,0.0,536252.0
2015,1,Santiago Del Estero,4.24446895477843,17.0558169911586,701.0,9236.0,23136.0,4796.0,748.0,0.0,0.0,0.0,38617.0
2015,1,Tierra Del Fuego,22.1671547645866,74.2349517001027,14.0,609.0,36319.0,2.0,0.0,0.0,0.0,0.0,36944.0
2015,1,Tucuman,8.71860866450986,35.0786068853898,107.0,27143.0,83895.0,23061.0,3722.0,334.0,0.0,0.0,138262.0
2015,2,Buenos Aires,17.325662544573,56.8028056143921,8714.0,137188.96,2299705.32,243502.6,159921.64,2009.68,6712.0,0.0,2857754.2
2015,2,Capital Federal,44.0848542837935,116.066270918604,2493.0,51799.04,990111.68,148569.4,142976.36,1482.32,9258.0,0.0,1346689.8
2015,2,Catamarca,6.47514486431421,25.4534180446982,15.0,7253.0,14003.0,3776.0,593.0,37.0,1.0,0.0,25678.0
2015,2,Chaco,7.34122953862533,27.4645393883995,288.0,11058.0,47551.0,17675.0,6337.0,788.0,149.0,0.0,83846.0
2015,2,Chubut,11.2156780993502,36.5824672045848,656.0,6032.0,55791.0,168.0,0.0,0.0,0.0,0.0,62647.0
2015,2,Cordoba,17.1065201027829,55.8691635078182,156.0,72695.0,434717.0,54993.0,46415.0,1956.0,903.0,0.0,611835.0
2015,2,Corrientes,7.79082336835569,29.5840126681085,34.0,12542.0,48015.0,17184.0,5039.0,379.0,126.0,0.0,83319.0
2015,2,Entre Rios,12.8371812612236,42.9319790164588,2864.0,21986.0,104043.0,32293.0,7867.0,354.0,136.0,0.0,169543.0
2015,2,Formosa,4.67347848472179,18.3602672052786,1881.0,6907.0,14247.0,2436.0,1324.0,257.0,1.0,0.0,27053.0
2015,2,Jujuy,5.18839248135606,20.2872190775949,2479.0,9474.0,20248.0,4792.0,730.0,0.0,0.0,0.0,37723.0
2015,2,La Pampa,18.6853290469759,56.7076652253,5737.0,8182.0,46235.0,27.0,24.0,25.0,10.0,0.0,60240.0
2015,2,La Rioja,4.49467875121494,16.8831909819638,10.0,4082.0,9093.0,2680.0,641.0,0.0,3.0,0.0,16509.0
2015,2,Mendoza,9.0682944930269,32.4919958318665,268.0,26.0,170451.0,42.0,16.0,5.0,13.0,0.0,170821.0
2015,2,Misiones,7.4498150149301,27.3476824488217,958.0,10360.0,51671.0,15022.0,10072.0,408.0,33.0,0.0,88524.0
2015,2,Neuquen,15.8141751619626,53.1173365932314,1755.0,2348.0,82727.0,214.0,5168.0,2.0,110.0,0.0,92324.0
2015,2,Rio Negro,14.1434385659295,45.9761201343233,3413.0,4525.0,87362.0,97.0,3240.0,1.0,51.0,0.0,98689.0
2015,2,Salta,7.3784438043808,30.4611238427009,1123.0,13020.0,64737.0,16241.0,3114.0,29.0,5.0,0.0,98269.0
2015,2,San Juan,7.04209707875153,27.6430534204585,8.0,410.0,51568.0,0.0,0.0,0.0,2.0,0.0,51988.0
2015,2,San Luis,2.77861844594083,9.70797183720366,9.0,4.0,13204.0,0.0,0.0,1.0,2.0,0.0,13220.0
2015,2,Santa Cruz,8.05806385021754,27.0722450274482,210.0,25.0,25519.0,2.0,0.0,0.0,0.0,0.0,25756.0
2015,2,Santa Fe,16.0930258586793,51.1765389086788,6827.0,86016.0,364441.0,53205.0,33894.0,1856.0,1014.0,0.0,547253.0
2015,2,Santiago Del Estero,4.24666870850714,17.1105666329829,703.0,8779.0,23456.0,5553.0,888.0,0.0,0.0,0.0,39379.0
2015,2,Tierra Del Fuego,22.0959537800472,74.5078743166472,15.0,285.0,36073.0,2.0,0.0,0.0,0.0,0.0,36375.0
2015,2,Tucuman,8.84118769070267,35.6877056091873,107.0,25178.0,83462.0,26966.0,4502.0,455.0,0.0,0.0,140670.0
2015,3,Buenos Aires,17.5478839831824,57.6886810560801,8361.0,107351.48,2266948.24,262563.76,200490.96,2642.32,7720.0,0.0,2856077.76
2015,3,Capital Federal,44.9110922281475,118.28921116432,2448.0,49339.52,942524.76,159618.24,175594.04,2027.68,10022.0,0.0,1341574.24
2015,3,Catamarca,6.56384739614516,25.8637811846376,15.0,6871.0,14206.0,4143.0,812.0,43.0,1.0,0.0,26091.0
2015,3,Chaco,7.4540202988244,27.9630727934794,240.0,10353.0,47131.0,19016.0,7498.0,979.0,157.0,0.0,85374.0
2015,3,Chubut,11.2335781697583,36.8118099146332,641.0,5886.0,71668.0,167.0,0.0,0.0,0.0,0.0,78362.0
2015,3,Cordoba,17.4307349890253,57.0834037895185,150.0,68765.0,429787.0,61109.0,59372.0,2582.0,1048.0,0.0,622813.0
2015,3,Corrientes,7.92519113592012,30.167412409019,33.0,11921.0,48127.0,18168.0,6111.0,453.0,146.0,0.0,84959.0
2015,3,Entre Rios,13.027710914374,43.6771816352633,2863.0,20385.0,103990.0,34788.0,9924.0,384.0,153.0,0.0,172487.0
2015,3,Formosa,4.78363992388097,18.8367517737853,1862.0,6521.0,14354.0,2791.0,1842.0,379.0,2.0,0.0,27751.0
2015,3,Jujuy,5.42345455542757,21.2703333470887,2549.0,9278.0,21588.0,5169.0,966.0,0.0,0.0,0.0,39550.0
2015,3,La Pampa,19.055588379965,57.9639597509152,613.0,13087.0,47660.0,9.0,55.0,39.0,10.0,0.0,61473.0
2015,3,La Rioja,4.55007908580606,17.1511294420325,10.0,3840.0,9102.0,2984.0,832.0,0.0,3.0,0.0,16771.0
2015,3,Mendoza,9.04240199075449,32.4919958318665,256.0,25.0,173430.0,45.0,18.0,5.0,13.0,0.0,173792.0
2015,3,Misiones,7.68704138427488,28.3063450934369,958.0,9809.0,51234.0,17367.0,11654.0,559.0,43.0,0.0,91624.0
2015,3,Neuquen,16.1952130313712,54.5993148967112,1733.0,2124.0,85044.0,210.0,6599.0,2.0,155.0,0.0,95867.0
2015,3,Rio Negro,14.2198456021744,46.3891866567451,3372.0,4457.0,88691.0,99.0,3826.0,1.0,62.0,0.0,100508.0
2015,3,Salta,7.52537878306051,31.1759452128584,1126.0,12223.0,65405.0,17451.0,4318.0,61.0,5.0,0.0,100589.0
2015,3,San Juan,7.02746288735124,27.66538565566,9.0,391.0,54963.0,0.0,0.0,0.0,2.0,0.0,55365.0
2015,3,San Luis,2.76881185526522,9.70650326873876,9.0,4.0,13286.0,0.0,0.0,1.0,2.0,0.0,13302.0
2015,3,Santa Cruz,8.15935448203892,27.6060609834294,190.0,25.0,32266.0,2.0,0.0,0.0,0.0,0.0,32483.0
2015,3,Santa Fe,16.3639671637834,52.1459547408435,6767.0,80817.0,363177.0,59531.0,42021.0,2320.0,1133.0,0.0,555766.0
2015,3,Santiago Del Estero,4.2373027191788,17.1188225313532,703.0,8332.0,23158.0,5956.0,1249.0,0.0,0.0,0.0,39398.0
2015,3,Tierra Del Fuego,22.0480211219742,74.8584578403385,15.0,285.0,36408.0,2.0,0.0,0.0,0.0,0.0,36710.0
2015,3,Tucuman,9.04046893117945,36.6103595277426,107.0,23687.0,83654.0,29998.0,6232.0,623.0,0.0,0.0,144301.0
2016,1,Buenos Aires,17.5350792164395,57.3359078225411,7350.92,97879.92,2214759.68,289929.08,247372.32,8315.0,9528.88,0.0,2875135.8
2016,1,Capital Federal,43.7577841271835,115.160058888848,2310.08,43686.08,869048.32,178664.92,192643.68,6577.0,10838.12,0.0,1303768.2
2016,1,Catamarca,6.60687952691047,25.9102179811905,15.0,6102.0,14653.0,4241.0,1334.0,42.0,1.0,0.0,26388.0
2016,1,Chaco,7.52473407557994,28.0751464477524,194.0,8755.0,46304.0,19388.0,10587.0,1238.0,184.0,0.0,86650.0
2016,1,Chubut,11.1159314993789,36.0927055378499,94.0,5095.0,72396.0,1066.0,0.0,0.0,0.0,0.0,78651.0
2016,1,Cordoba,16.9726662396085,55.2830927837402,148.0,59484.0,414452.0,65763.0,66455.0,4143.0,1039.0,0.0,611484.0
2016,1,Corrientes,7.94060144931573,30.0807850041331,29.0,10690.0,47833.0,18375.0,7911.0,526.0,170.0,0.0,85534.0
2016,1,Entre Rios,13.1425400956748,43.8459681446623,2864.0,17749.0,104137.0,35104.0,14057.0,457.0,165.0,0.0,174533.0
2016,1,Formosa,4.85805369012364,19.0418783694349,1738.0,5731.0,14163.0,3229.0,2906.0,544.0,5.0,0.0,28316.0
2016,1,Jujuy,5.49180026198814,21.410011288564,2543.0,8558.0,22383.0,5188.0,1623.0,0.0,0.0,0.0,40295.0
2016,1,La Pampa,19.1017714242668,57.8408686550453,426.0,11065.0,52117.0,15.0,78.0,71.0,11.0,0.0,63783.0
2016,1,La Rioja,4.49695820154003,16.8335183724942,10.0,3382.0,9060.0,2980.0,1254.0,2.0,3.0,0.0,16691.0
2016,1,Mendoza,8.99056782533634,32.1233388880128,235.0,21.0,175376.0,47.0,43.0,5.0,17.0,0.0,175744.0
2016,1,Misiones,7.75121532265461,28.3676525909563,959.0,8502.0,50061.0,19195.0,13363.0,779.0,68.0,0.0,92927.0
2016,1,Neuquen,16.6592100932178,55.7539370042541,1720.0,1737.0,86310.0,479.0,7893.0,143.0,171.0,0.0,98453.0
2016,1,Rio Negro,14.1492946047505,45.8351263870833,1171.0,6105.0,90038.0,203.0,4246.0,77.0,81.0,0.0,101921.0
2016,1,Salta,7.61131509310719,31.3155459711532,1119.0,10765.0,65646.0,17748.0,6643.0,119.0,31.0,0.0,102071.0
2016,1,San Juan,6.98238758065924,27.3307941100043,9.0,309.0,56447.0,0.0,0.0,0.0,2.0,0.0,56767.0
2016,1,San Luis,2.75295018391838,9.58634628277021,8.0,4.0,13645.0,0.0,0.0,1.0,2.0,0.0,13660.0
2016,1,Santa Cruz,8.05141980281112,26.86586252145,168.0,29.0,32188.0,8.0,0.0,0.0,0.0,0.0,32393.0
2016,1,Santa Fe,16.1578043492324,51.2773408540762,6492.0,71565.0,353525.0,64117.0,51293.0,3754.0,1063.0,0.0,551809.0
2016,1,Santiago Del Estero,4.03285507054127,16.205749206822,703.0,7219.0,22805.0,5769.0,1898.0,0.0,0.0,0.0,38394.0
2016,1,Tierra Del Fuego,19.6541853628346,65.8330416313501,16.0,285.0,33003.0,0.0,0.0,0.0,0.0,0.0,33304.0
2016,1,Tucuman,9.12710614274777,36.7247713663659,106.0,20092.0,84008.0,31490.0,10046.0,871.0,0.0,0.0,146613.0
2016,2,Buenos Aires,18.0986845682896,59.3385267910581,10786.0,133385.0,2250898.04,335296.0,334723.0,31494.0,11933.0,0.0,3108515.04
2016,2,Capital Federal,45.5937571210413,120.039535048253,4352.0,1736.0,859038.96,146091.0,213010.0,19597.0,13477.0,0.0,1257301.96
2016,2,Catamarca,6.6329805701326,26.0741880597406,15.0,5736.0,14742.0,4567.0,1496.0,47.0,1.0,0.0,26604.0
2016,2,Chaco,7.64289673329407,28.5935505552226,197.0,8063.0,45823.0,20346.0,12090.0,1571.0,201.0,0.0,88291.0
2016,2,Chubut,11.0748247879331,36.1243856555634,572.0,5421.0,73078.0,775.0,0.0,0.0,0.0,0.0,79846.0
2016,2,Cordoba,17.6203480143202,57.5479805282864,258.0,57050.0,437547.0,71980.0,82618.0,8355.0,1242.0,0.0,659050.0
2016,2,Corrientes,8.05303989383131,30.5801620466166,41.0,10018.0,47916.0,19200.0,8851.0,803.0,191.0,0.0,87020.0
2016,2,Entre Rios,13.3773061346933,44.7388745451874,4734.0,16368.0,115000.0,36917.0,15522.0,849.0,205.0,0.0,189595.0
2016,2,Formosa,4.93043941201745,19.370070664564,1675.0,5401.0,14370.0,3569.0,3218.0,593.0,10.0,0.0,28836.0
2016,2,Jujuy,5.59776138470153,21.8882810435767,2561.0,8292.0,25301.0,5589.0,1750.0,3.0,0.0,0.0,43496.0
2016,2,La Pampa,19.9138554042725,60.4368602573793,429.0,10616.0,63928.0,15.0,119.0,96.0,11.0,0.0,75214.0
2016,2,La Rioja,4.49348905893409,16.8789026111115,10.0,3151.0,9043.0,3190.0,1344.0,3.0,5.0,0.0,16746.0
2016,2,Mendoza,8.96594364845842,32.1259717944259,437.0,30.0,176922.0,61.0,44.0,5.0,20.0,0.0,177519.0
2016,2,Misiones,7.96497621687945,29.239512823022,1973.0,7899.0,49586.0,21385.0,14820.0,1073.0,96.0,0.0,96832.0
2016,2,Neuquen,17.5941757650438,59.098285533662,1916.0,1691.0,88854.0,583.0,10241.0,1285.0,208.0,0.0,104778.0
2016,2,Rio Negro,14.2242913561553,46.2401130781274,1189.0,6107.0,92158.0,194.0,4877.0,520.0,86.0,0.0,105131.0
2016,2,Salta,7.77081242802712,32.081726025082,2160.0,10123.0,70875.0,18759.0,7129.0,140.0,49.0,0.0,109235.0
2016,2,San Juan,6.96499758294645,27.3407815140911,10.0,273.0,57589.0,0.0,0.0,0.0,4.0,0.0,57876.0
2016,2,San Luis,2.74873045396768,9.60373385160232,12.0,4.0,13931.0,0.0,0.0,1.0,2.0,0.0,13950.0
2016,2,Santa Cruz,7.95535776752335,26.7289117253198,244.0,26.0,31995.0,142.0,20.0,0.0,0.0,0.0,32427.0
2016,2,Santa Fe,16.48911930902,52.4364772593711,9486.0,67325.0,374960.0,68505.0,60469.0,6509.0,1277.0,0.0,588531.0
2016,2,Santiago Del Estero,3.94345309540957,15.8889250473061,704.0,6705.0,22208.0,5943.0,2108.0,1.0,0.0,0.0,37669.0
2016,2,Tierra Del Fuego,20.0813268442623,67.7182428825529,16.0,286.0,38773.0,0.0,0.0,0.0,0.0,0.0,39075.0
2016,2,Tucuman,9.22451233434258,37.2356828933842,231.0,18515.0,83945.0,33891.0,11310.0,1032.0,2.0,0.0,148926.0
2016,3,Buenos Aires,18.2953085979519,60.1432954546882,5856.0,107945.0,2148475.16,393530.0,399116.0,52900.0,13318.0,0.0,3121140.16
2016,3,Capital Federal,45.854720267722,120.772877751015,331.0,995.0,759027.84,208249.0,240856.0,38341.0,13886.0,0.0,1261685.84
2016,3,Catamarca,6.72059087375157,26.4806767574637,15.0,4038.0,16183.0,4845.0,1853.0,50.0,0.0,0.0,26984.0
2016,3,Chaco,7.7068778032764,28.910749068481,190.0,5227.0,46821.0,21193.0,13746.0,2022.0,217.0,0.0,89416.0
2016,3,Chubut,11.0411695849893,36.1786944287865,466.0,5190.0,74375.0,674.0,0.0,0.0,0.0,0.0,80705.0
2016,3,Cordoba,17.7855048043124,58.243816258032,48.0,41329.0,415075.0,75988.0,99225.0,11691.0,1322.0,0.0,644678.0
2016,3,Corrientes,8.16172673090231,31.0668788260512,15.0,7425.0,49471.0,19956.0,10006.0,1263.0,210.0,0.0,88346.0
2016,3,Entre Rios,13.5523719961486,45.4351408844733,1768.0,10657.0,110844.0,38665.0,17737.0,1307.0,248.0,0.0,181226.0
2016,3,Formosa,4.73374802305046,18.6397083028628,1723.0,4277.0,15581.0,3964.0,3658.0,648.0,10.0,0.0,29861.0
2016,3,Jujuy,5.76400350138348,22.6051542652569,286.0,6878.0,27425.0,5943.0,1978.0,31.0,0.0,0.0,42541.0
2016,3,La Pampa,20.2948293814121,61.7317854365091,374.0,10187.0,55792.0,15.0,224.0,114.0,11.0,0.0,66717.0
2016,3,La Rioja,4.52988708727993,17.0745591064841,9.0,2349.0,9686.0,3316.0,1562.0,11.0,2.0,0.0,16935.0
2016,3,Mendoza,8.93044444956212,32.0883588456665,37.0,10.0,178186.0,73.0,48.0,5.0,17.0,0.0,178376.0
2016,3,Misiones,8.12165282352103,29.9053857758982,1010.0,6030.0,48871.0,23394.0,17043.0,1559.0,91.0,0.0,97998.0
2016,3,Neuquen,17.8621510152284,60.2148508885395,1531.0,1527.0,87404.0,680.0,12541.0,2118.0,225.0,0.0,106026.0
2016,3,Rio Negro,14.2202015652272,46.3879653621594,1007.0,6026.0,90689.0,207.0,5953.0,790.0,99.0,0.0,104771.0
2016,3,Salta,7.95537239122445,32.9558316811803,1107.0,6922.0,71214.0,20229.0,8099.0,197.0,50.0,0.0,107818.0
2016,3,San Juan,6.93918862981469,27.3171271359908,8.0,245.0,58577.0,0.0,0.0,0.0,2.0,0.0,58832.0
2016,3,San Luis,2.74724252738872,9.63053968688516,7.0,4.0,14077.0,0.0,0.0,1.0,2.0,0.0,14091.0
2016,3,Santa Cruz,7.93248460752977,26.8352018954507,189.0,22.0,31904.0,221.0,52.0,9.0,0.0,0.0,32397.0
2016,3,Santa Fe,16.5293619323644,52.6721503688625,3958.0,49501.0,360606.0,72657.0,69864.0,10210.0,1308.0,0.0,568104.0
2016,3,Santiago Del Estero,3.79448087117706,15.3296465784729,26.0,5097.0,22747.0,6216.0,2497.0,9.0,0.0,0.0,36592.0
2016,3,Tierra Del Fuego,20.3071031925247,68.9404924910074,16.0,285.0,35080.0,0.0,0.0,0.0,0.0,0.0,35381.0
2016,3,Tucuman,9.35861636036972,37.8973634102384,127.0,12247.0,87970.0,36518.0,13150.0,1288.0,4.0,0.0,151304.0
2017,1,Buenos Aires,18.8048550310117,58.5740024492033,6017.0,83918.0,2057698.16,402315.0,523540.0,90937.0,22299.0,0.0,3186724.16
2017,1,Capital Federal,45.687714654171,108.369208365608,510.0,1409.0,678921.84,218487.0,277195.0,66536.0,19881.0,0.0,1262939.84
2017,1,Catamarca,6.52734131816727,25.6593508380215,15.0,3328.0,15861.0,4901.0,2161.0,49.0,0.0,0.0,26315.0
2017,1,Chaco,7.65022534015797,28.6216605384279,191.0,3835.0,44544.0,21467.0,15671.0,3025.0,314.0,0.0,89047.0
2017,1,Chubut,10.9325033920258,35.662220237763,401.0,4182.0,73759.0,1808.0,0.0,0.0,0.0,0.0,80150.0
2017,1,Cordoba,17.6522425706022,57.6533295928744,50.0,28732.0,391556.0,82011.0,118643.0,19035.0,2071.0,0.0,642098.0
2017,1,Corrientes,8.14778714678486,30.9406001096441,15.0,6040.0,48149.0,20586.0,11468.0,2044.0,303.0,0.0,88605.0
2017,1,Entre Rios,13.4274342450088,44.9072736870412,1680.0,8080.0,108379.0,39146.0,20562.0,2254.0,317.0,0.0,180418.0
2017,1,Formosa,5.05059092168821,19.8424891786459,1535.0,3538.0,15473.0,4446.0,4058.0,635.0,22.0,0.0,29707.0
2017,1,Jujuy,5.81976940765058,22.7569859622323,330.0,6213.0,27824.0,6486.0,2306.0,44.0,0.0,0.0,43203.0
2017,1,La Pampa,20.64904971243,62.6692810457516,362.0,9279.0,57739.0,331.0,192.0,165.0,11.0,0.0,68079.0
2017,1,La Rioja,4.31144439366078,16.1955241460542,9.0,1578.0,9486.0,3409.0,1718.0,22.0,2.0,0.0,16224.0
2017,1,Mendoza,8.88670624572537,31.8430127701797,106.0,15.0,177201.0,86.0,50.0,5.0,22.0,0.0,177485.0
2017,1,Misiones,8.04171321055632,29.522202363131,1010.0,4665.0,45950.0,23847.0,19356.0,2627.0,166.0,0.0,97621.0
2017,1,Neuquen,18.1662540084548,61.0230200678275,1547.0,1418.0,83813.0,902.0,15130.0,4223.0,458.0,0.0,107491.0
2017,1,Rio Negro,14.1589456556382,46.0295387411952,986.0,5647.0,89622.0,246.0,6738.0,1594.0,200.0,0.0,105033.0
2017,1,Salta,7.89012629128218,32.5754893148231,579.0,4861.0,70922.0,21554.0,9386.0,267.0,74.0,0.0,107643.0
2017,1,San Juan,6.88739031200583,27.0367609884239,8.0,192.0,58588.0,0.0,0.0,0.0,4.0,0.0,58792.0
2017,1,San Luis,2.73198352638775,9.5455001936789,8.0,4.0,14014.0,0.0,0.0,1.0,2.0,0.0,14029.0
2017,1,Santa Cruz,7.89382704275053,26.5249917378546,190.0,23.0,31078.0,474.0,68.0,30.0,0.0,0.0,31863.0
2017,1,Santa Fe,16.3422547458363,51.9701076920804,4966.0,39463.0,340418.0,77152.0,83008.0,15775.0,1831.0,0.0,562613.0
2017,1,Santiago Del Estero,3.648850889801,14.7021194933686,26.0,3772.0,21659.0,6218.0,2786.0,17.0,0.0,0.0,34478.0
2017,1,Tierra Del Fuego,20.4354867056667,68.9197485128813,16.0,285.0,35409.0,0.0,0.0,0.0,0.0,0.0,35710.0
2017,1,Tucuman,9.38885279995182,37.900160758941,96.0,9682.0,86470.0,39155.0,15951.0,1383.0,13.0,0.0,152750.0
2017,2,Buenos Aires,18.1041564810005,56.2721441616913,7548.0,47472.0,1910156.0,299009.0,573298.0,93059.0,46178.0,0.0,2976720.0
2017,2,Capital Federal,52.236738675121,124.061393756425,556.0,35663.0,726223.0,304970.0,378571.0,80234.0,37977.0,0.0,1564194.0
2017,2,Catamarca,6.60818568741958,25.9771210676835,15.0,3318.0,15655.0,5325.0,2342.0,47.0,1.0,0.0,26703.0
2017,2,Chaco,7.76358719866201,29.0455247754534,191.0,3733.0,42590.0,22349.0,18044.0,3157.0,545.0,0.0,90609.0
2017,2,Chubut,10.8971148834405,35.5460111791441,403.0,4186.0,73760.0,1880.0,0.0,0.0,0.0,0.0,80229.0
2017,2,Cordoba,18.0566153106088,58.9735289080036,251.0,26862.0,370865.0,88479.0,146683.0,20351.0,5069.0,0.0,658560.0
2017,2,Corrientes,8.26516561613311,31.386121368355,15.0,5912.0,46483.0,21776.0,13043.0,2218.0,647.0,0.0,90094.0
2017,2,Entre Rios,13.5716635856636,45.3893310282472,1680.0,7944.0,104422.0,41800.0,23524.0,2604.0,823.0,0.0,182797.0
2017,2,Formosa,5.08181870616855,19.965076445262,1486.0,3419.0,14787.0,4795.0,4583.0,749.0,139.0,0.0,29958.0
2017,2,Jujuy,5.72941710564843,22.4034158946241,311.0,5877.0,26915.0,6974.0,2538.0,42.0,1.0,0.0,42658.0
2017,2,La Pampa,20.9208113683245,63.4935264809968,356.0,8633.0,59045.0,558.0,336.0,244.0,21.0,0.0,69193.0
2017,2,La Rioja,4.31364137112834,16.2034458061436,9.0,1554.0,9304.0,3599.0,1796.0,24.0,2.0,0.0,16288.0
2017,2,Mendoza,8.86323196292613,31.7586053613908,109.0,24.0,177203.0,92.0,50.0,5.0,22.0,0.0,177505.0
2017,2,Misiones,8.19626218117457,30.0892480250859,1011.0,4447.0,47244.0,22033.0,21599.0,2892.0,570.0,0.0,99796.0
2017,2,Neuquen,18.4306345952835,61.9101342766616,1542.0,1395.0,81272.0,849.0,18051.0,4774.0,1703.0,0.0,109586.0
2017,2,Rio Negro,14.1565144707972,46.0208051229332,973.0,5606.0,88085.0,245.0,7990.0,1921.0,559.0,0.0,105379.0
2017,2,Salta,7.9299418666242,32.7394202636262,594.0,4719.0,67576.0,23185.0,11333.0,1068.0,76.0,0.0,108551.0
2017,2,San Juan,6.86906267170671,26.964616120247,15.0,193.0,58588.0,0.0,0.0,0.0,4.0,0.0,58800.0
2017,2,San Luis,2.72299969919519,9.5139703148683,8.0,4.0,14014.0,0.0,0.0,1.0,2.0,0.0,14029.0
2017,2,Santa Cruz,7.81200042630289,26.2486198287096,188.0,24.0,30913.0,541.0,66.0,33.0,0.0,0.0,31765.0
2017,2,Santa Fe,16.4365192755623,52.2696112396987,4967.0,38721.0,311830.0,92854.0,97563.0,16794.0,4275.0,0.0,567004.0
2017,2,Santiago Del Estero,3.50415323861831,14.118988073972,26.0,3539.0,20384.0,6432.0,2802.0,16.0,0.0,0.0,33199.0
2017,2,Tierra Del Fuego,20.3013051150784,68.4632207595576,16.0,285.0,35409.0,0.0,0.0,0.0,0.0,0.0,35710.0
2017,2,Tucuman,9.45982373143856,38.1862336563929,96.0,9236.0,83342.0,42536.0,17788.0,1371.0,21.0,0.0,154390.0
2017,3,Buenos Aires,17.9358709735921,55.6293833953396,6577.0,51411.0,1733479.0,311652.0,676137.0,140812.0,108400.0,0.0,3028468.0
2017,3,Capital Federal,51.2444496511116,121.858325909693,283.0,33924.0,590689.0,311411.0,426300.0,120675.0,91917.0,0.0,1575199.0
2017,3,Catamarca,8.26509123497419,32.4909256779052,52.0,3204.0,15383.0,5758.0,2563.0,50.0,1.0,0.0,27011.0
2017,3,Chaco,8.01210373802466,29.9759256476576,95.0,3496.0,40059.0,23008.0,20307.0,3827.0,2004.0,0.0,92796.0
2017,3,Chubut,14.1673718358536,46.2153774665184,436.0,3989.0,71843.0,2336.0,3.0,0.0,0.0,0.0,78607.0
2017,3,Cordoba,19.0769539156083,62.3070022529633,327.0,26154.0,309161.0,100113.0,189302.0,38131.0,16741.0,0.0,679929.0
2017,3,Corrientes,8.4702126705405,32.165435745938,24.0,5629.0,44305.0,22785.0,15576.0,2635.0,1607.0,0.0,92561.0
2017,3,Entre Rios,13.741494179292,45.9581216701772,1691.0,7545.0,98032.0,42947.0,29011.0,3878.0,2397.0,0.0,185501.0
2017,3,Formosa,5.43429504811395,21.3503843800708,1063.0,3716.0,13752.0,5187.0,6056.0,899.0,459.0,0.0,31132.0
2017,3,Jujuy,5.79114280051213,22.6453629950826,337.0,5723.0,26835.0,7369.0,2962.0,41.0,2.0,0.0,43269.0
2017,3,La Pampa,22.7808079768561,69.1399370114264,343.0,8244.0,64794.0,855.0,588.0,327.0,51.0,0.0,75202.0
2017,3,La Rioja,13.7006510798107,51.465252304947,16.0,1497.0,40882.0,3899.0,5604.0,23.0,3.0,0.0,51924.0
2017,3,Mendoza,9.96432346586244,35.7049317772057,32.0,95.0,158461.0,115.0,67.0,29.0,19.0,0.0,158818.0
2017,3,Misiones,8.22783358937152,30.2059909330319,1058.0,4123.0,42900.0,22808.0,23913.0,3843.0,1881.0,0.0,100526.0
2017,3,Neuquen,18.1084813517863,60.8304131050389,2036.0,1457.0,72532.0,1034.0,20213.0,7067.0,4937.0,0.0,109276.0
2017,3,Rio Negro,14.9243619077237,48.5186589395006,422.0,5641.0,83900.0,306.0,10116.0,2965.0,1659.0,0.0,105009.0
2017,3,Salta,9.64942748439008,39.8397008069074,645.0,4494.0,78830.0,32433.0,14620.0,2315.0,63.0,0.0,133400.0
2017,3,San Juan,8.24511556549592,32.3668893599598,31.0,1077.0,57582.0,1.0,0.0,2.0,2.0,0.0,58695.0
2017,3,San Luis,4.42980917494065,15.4778617902981,63.0,3.0,12325.0,7.0,0.0,1.0,7.0,0.0,12406.0
2017,3,Santa Cruz,9.90736656374063,33.2918297165896,188.0,23.0,29102.0,542.0,66.0,33.0,1.0,0.0,29955.0
2017,3,Santa Fe,19.1521648988496,60.9063556345152,3116.0,34019.0,320017.0,104453.0,125339.0,24536.0,12982.0,0.0,624462.0
2017,3,Santiago Del Estero,8.71651583615132,35.1210448843849,69.0,3288.0,40435.0,18489.0,3047.0,30.0,2.0,0.0,65360.0
2017,3,Tierra Del Fuego,19.4927643968679,65.7418047343459,9.0,297.0,33858.0,0.0,0.0,0.0,0.0,0.0,34164.0
2017,3,Tucuman,9.83344845550024,39.6953791612326,109.0,8948.0,83070.0,45302.0,20514.0,1361.0,655.0,0.0,159959.0
2018,1,Buenos Aires,20.2796529105795,62.6262116616845,1514.0,74766.0,1445752.0,292732.0,886678.0,480237.0,184203.0,105818.0,3471700.0
2018,1,Capital Federal,44.5629613204179,106.235671745868,89.0,10039.0,292566.0,222737.0,487826.0,227953.0,127384.0,0.0,1368594.0
2018,1,Catamarca,8.34209853727587,32.7936161374153,34.0,2896.0,14770.0,6145.0,3539.0,41.0,4.0,6500.0,33929.0
2018,1,Chaco,8.240328535252,30.8299276457025,70.0,3261.0,32516.0,24488.0,23296.0,8219.0,3897.0,1035.0,96782.0
2018,1,Chubut,16.4663265563409,53.7156048824891,67.0,4314.0,83161.0,5358.0,4.0,5.0,9.0,5010.0,97928.0
2018,1,Cordoba,19.4473810733398,63.5171696520162,281.0,23922.0,222815.0,104300.0,266259.0,57137.0,29228.0,10049.0,713991.0
2018,1,Corrientes,8.60133260210877,32.6634608731751,11.0,5005.0,37152.0,24038.0,19068.0,5890.0,3256.0,0.0,94420.0
2018,1,Entre Rios,14.5556734563254,48.6812024178572,18.0,8861.0,90080.0,45599.0,37401.0,9818.0,5071.0,0.0,196848.0
2018,1,Formosa,5.44800982825826,21.4043102592114,1110.0,3803.0,10092.0,5117.0,10061.0,1091.0,1046.0,0.0,32320.0
2018,1,Jujuy,5.91282950582615,23.1212608756775,345.0,4807.0,27219.0,8044.0,3925.0,49.0,4.0,0.0,44393.0
2018,1,La Pampa,23.6412486623102,71.751636922758,245.0,8119.0,67104.0,1616.0,1076.0,614.0,98.0,3503.0,82375.0
2018,1,La Rioja,13.6947700631199,51.4435101124481,9.0,1485.0,40680.0,4217.0,5831.0,19.0,1.0,0.0,52242.0
2018,1,Mendoza,10.3458430919679,37.0721511024033,20.0,1662.0,164599.0,501.0,266.0,19.0,72.0,33788.0,200927.0
2018,1,Misiones,8.43227841660731,30.9567358844696,48.0,4700.0,35820.0,23291.0,26223.0,10241.0,3219.0,0.0,103542.0
2018,1,Neuquen,18.3128386973519,61.5173903515637,1396.0,2367.0,59468.0,1311.0,29012.0,9709.0,7378.0,6105.0,116746.0
2018,1,Rio Negro,15.3235670915437,49.8168613122324,409.0,5333.0,74894.0,530.0,17997.0,4972.0,3129.0,3975.0,111239.0
2018,1,Salta,9.63384544384639,39.7755916329188,116.0,4459.0,60334.0,33088.0,30771.0,5145.0,88.0,0.0,134001.0
2018,1,San Juan,8.30680071057099,32.6091774516929,22.0,1058.0,57078.0,11.0,0.0,3.0,0.0,5068.0,63240.0
2018,1,San Luis,4.33561502267505,15.1487903482749,57.0,101.0,11920.0,11.0,0.0,7.0,2.0,9284.0,21382.0
2018,1,Santa Cruz,9.98473486255572,33.5527598985762,26.0,120.0,28600.0,655.0,100.0,1.0,3.0,4267.0,33772.0
2018,1,Santa Fe,19.5846823687574,62.2819984430096,1359.0,33639.0,262008.0,108576.0,188900.0,39589.0,22801.0,23181.0,680053.0
2018,1,Santiago Del Estero,8.68350419053065,34.9882694482421,41.0,2910.0,41298.0,18914.0,3449.0,33.0,2.0,17589.0,84236.0
2018,1,Tierra Del Fuego,19.3315233343117,65.1996370235935,6.0,307.0,33987.0,2.0,0.0,0.0,0.0,107.0,34409.0
2018,1,Tucuman,10.2001773500551,41.1760093888662,16.0,7472.0,78811.0,45675.0,26405.0,1218.0,7082.0,1305.0,167984.0
2018,2,Buenos Aires,20.3745823244351,62.7822665109499,1009.0,81354.0,1459443.0,295457.0,816056.0,536049.0,199589.0,113357.0,3502314.0
2018,2,Capital Federal,44.632577746788,106.534941281467,73.0,9234.0,290291.0,219166.0,445345.0,264805.0,142253.0,0.0,1371167.0
2018,2,Catamarca,8.35838388395506,32.8575008674866,34.0,2414.0,14624.0,6112.0,4347.0,36.0,6.0,6500.0,34073.0
2018,2,Chaco,8.35312361429173,31.2517049960349,70.0,2968.0,34167.0,24282.0,21887.0,9251.0,4630.0,1035.0,98290.0
2018,2,Chubut,16.8304851291441,54.9023033373551,67.0,4471.0,85598.0,5369.0,4.0,5.0,9.0,5010.0,100533.0
2018,2,Cordoba,19.373198551696,63.2743661231958,81.0,21779.0,219630.0,102596.0,244291.0,78852.0,34950.0,8110.0,710289.0
2018,2,Corrientes,8.90324738534082,33.8097539088117,11.0,7047.0,38268.0,24066.0,17926.0,6780.0,3862.0,0.0,97960.0
2018,2,Entre Rios,14.7116484535059,49.2026118705284,18.0,8179.0,94459.0,44570.0,34281.0,12012.0,5920.0,0.0,199439.0
2018,2,Formosa,7.4919076165093,29.434226520797,1110.0,3568.0,22409.0,5176.0,9727.0,1313.0,1243.0,0.0,44546.0
2018,2,Jujuy,5.99239747680142,23.4322027298545,345.0,3320.0,29319.0,8083.0,3977.0,44.0,7.0,0.0,45095.0
2018,2,La Pampa,23.407010658268,71.0403378727806,244.0,8797.0,68083.0,2409.0,965.0,969.0,179.0,698.0,82344.0
2018,2,La Rioja,13.5709228844089,50.9778907392324,9.0,1384.0,40679.0,4198.0,5640.0,20.0,15.0,0.0,51945.0
2018,2,Mendoza,10.318226443151,36.9728727240613,20.0,1658.0,164596.0,515.0,266.0,17.0,72.0,33788.0,200932.0
2018,2,Misiones,8.61598877251767,31.6309076822218,48.0,6092.0,39489.0,23569.0,23747.0,11888.0,3866.0,0.0,108699.0
2018,2,Neuquen,17.9318778103692,60.2367916140203,1396.0,2408.0,56035.0,1314.0,26417.0,12442.0,8551.0,6105.0,114668.0
2018,2,Rio Negro,15.4255830893773,50.1478946239634,409.0,5298.0,75056.0,523.0,16480.0,6663.0,3725.0,3975.0,112129.0
2018,2,Salta,9.67310280884578,39.9371920998973,116.0,3990.0,61763.0,33285.0,28431.0,7239.0,182.0,0.0,135006.0
2018,2,San Juan,8.39284171164165,32.9466488486842,22.0,1378.0,57591.0,11.0,0.0,3.0,0.0,5068.0,64073.0
2018,2,San Luis,4.33613750896293,15.1504244913514,57.0,101.0,11992.0,11.0,0.0,7.0,2.0,9284.0,21454.0
2018,2,Santa Cruz,9.91958805094006,33.3323645100661,26.0,120.0,28600.0,655.0,100.0,1.0,3.0,4267.0,33772.0
2018,2,Santa Fe,19.6755915306821,62.5707923995744,744.0,34267.0,262603.0,112143.0,175540.0,50525.0,26512.0,22257.0,684591.0
2018,2,Santiago Del Estero,8.75016058933937,35.2564642111642,41.0,2717.0,41362.0,18721.0,3278.0,31.0,31.0,17589.0,83770.0
2018,2,Tierra Del Fuego,27.1623165159911,91.6051962953856,6.0,188.0,40912.0,2217.0,75.0,0.0,0.0,107.0,43505.0
2018,2,Tucuman,10.2836712071486,41.5125631700174,16.0,6735.0,79899.0,44968.0,27059.0,1084.0,8784.0,1305.0,169850.0
2018,3,Buenos Aires,20.9590874010485,64.4405675975205,991.0,80459.0,1445733.0,190805.0,636090.0,897964.0,237248.0,120464.0,3609754.0
2018,3,Capital Federal,45.3770920456075,108.445914110219,73.0,8493.0,287919.0,147253.0,370677.0,415020.0,165055.0,0.0,1394490.0
2018,3,Catamarca,8.37304655008758,32.9159453741104,34.0,1994.0,18475.0,6358.0,5320.0,34.0,7.0,2151.0,34373.0
2018,3,Chaco,8.62858350951374,32.2831008330776,70.0,3503.0,38729.0,24916.0,20335.0,11085.0,5667.0,1035.0,105340.0
2018,3,Chubut,17.2863082293932,56.391745852269,67.0,3951.0,91096.0,6162.0,531.0,623.0,164.0,0.0,102594.0
2018,3,Cordoba,19.6691574967699,64.2421002602934,81.0,24767.0,224471.0,96372.0,221984.0,109333.0,39854.0,6490.0,723352.0
2018,3,Corrientes,9.01894817024788,34.2499388738322,11.0,6754.0,38364.0,24953.0,16601.0,8357.0,4419.0,0.0,99459.0
2018,3,Entre Rios,15.0162082107412,50.2220138583775,18.0,9048.0,96095.0,45651.0,31353.0,15111.0,6786.0,0.0,204062.0
2018,3,Formosa,7.52794981031211,29.5765734288784,1110.0,3365.0,22624.0,5259.0,9336.0,1729.0,1434.0,0.0,44857.0
2018,3,Jujuy,5.9491656472258,23.2637001371955,345.0,3020.0,29048.0,7756.0,4066.0,39.0,623.0,0.0,44897.0
2018,3,La Pampa,23.6405627895773,71.7502365184484,242.0,8417.0,68507.0,3153.0,920.0,1189.0,216.0,698.0,83342.0
2018,3,La Rioja,13.5054845201924,50.7330431805956,9.0,1291.0,40647.0,4138.0,5425.0,20.0,339.0,0.0,51869.0
2018,3,Mendoza,10.6019692319668,37.9905972679962,20.0,1525.0,199297.0,2476.0,4727.0,27.0,129.0,0.0,208201.0
2018,3,Misiones,8.74450949017475,32.103666418059,48.0,5749.0,39617.0,24747.0,21212.0,14674.0,4547.0,0.0,110594.0
2018,3,Neuquen,18.0054517097913,60.4866167439691,1396.0,2244.0,55822.0,1647.0,23785.0,15218.0,9718.0,6105.0,115935.0
2018,3,Rio Negro,15.5465724582987,50.5426480870375,409.0,5221.0,75929.0,512.0,14912.0,8470.0,4332.0,3719.0,113504.0
2018,3,Salta,9.54934134172116,39.4274134206841,116.0,3721.0,61795.0,32782.0,25582.0,9224.0,502.0,0.0,133722.0
2018,3,San Juan,8.41935795556925,33.0514165039238,22.0,1326.0,62525.0,180.0,312.0,3.0,1.0,0.0,64369.0
2018,3,San Luis,14.9833598756571,52.3531149755192,57.0,109.0,19170.0,52940.0,119.0,63.0,2.0,1902.0,74362.0
2018,3,Santa Cruz,9.7389874592526,32.7278502945593,26.0,116.0,32815.0,778.0,206.0,1.0,3.0,0.0,33945.0
2018,3,Santa Fe,19.9391069827321,63.4096146162309,467.0,36786.0,269211.0,115907.0,162545.0,62479.0,31266.0,13911.0,692572.0
2018,3,Santiago Del Estero,8.99651744351393,36.2496169780513,41.0,2550.0,60260.0,19116.0,3806.0,64.0,265.0,0.0,86102.0
2018,3,Tierra Del Fuego,27.5060216962167,92.7719183939406,6.0,187.0,41569.0,2270.0,231.0,24.0,13.0,0.0,44300.0
2018,3,Tucuman,10.325137534987,41.6810135952876,16.0,5993.0,81559.0,43282.0,27062.0,941.0,12187.0,0.0,171040.0
2019,1,Buenos Aires,21.6417378514192,66.2425552273681,162513.0,72296.0,1429964.0,202511.0,576428.0,576859.0,705769.0,6369.0,3732709.0
2019,1,Capital Federal,45.5791838994366,109.196164558838,74.0,7417.0,283787.0,131007.0,330122.0,365713.0,283463.0,0.0,1401583.0
2019,1,Catamarca,8.18850462737457,32.1904889561213,34.0,1708.0,18761.0,6443.0,5606.0,29.0,7.0,2151.0,34739.0
2019,1,Chaco,8.72283500340746,32.6358765794295,69.0,3801.0,38719.0,25632.0,18965.0,12393.0,6368.0,1035.0,106982.0
2019,1,Chubut,13.1803680616707,42.997736337178,66.0,3938.0,71077.0,6571.0,787.0,74.0,165.0,0.0,82678.0
2019,1,Cordoba,20.0595276926967,65.5173840768055,81.0,20403.0,242769.0,96997.0,200681.0,127965.0,50716.0,6806.0,746418.0
2019,1,Corrientes,9.25199213887151,35.1349868869881,10.0,6470.0,38402.0,26562.0,15498.0,9688.0,5029.0,0.0,101659.0
2019,1,Entre Rios,16.9794023932903,56.7881599616928,18.0,9217.0,107013.0,50068.0,28957.0,18146.0,7619.0,12142.0,233180.0
2019,1,Formosa,7.55368578631946,29.6776946304319,1110.0,3023.0,23085.0,5301.0,9027.0,2099.0,1654.0,0.0,45299.0
2019,1,Jujuy,11.8678497610553,46.4084387403666,27.0,2817.0,30727.0,7811.0,4021.0,30.0,1141.0,37162.0,83736.0
2019,1,La Pampa,25.1575166404727,76.3545743378065,236.0,8327.0,70538.0,4466.0,1061.0,1354.0,405.0,698.0,87085.0
2019,1,La Rioja,13.3594024786378,50.1845878832627,9.0,1169.0,40285.0,4088.0,5216.0,17.0,869.0,0.0,51653.0
2019,1,Mendoza,10.5088620671738,37.6571649702829,20.0,1786.0,205383.0,2837.0,5702.0,111.0,140.0,0.0,215979.0
2019,1,Misiones,9.87579609120626,36.2571682655235,47.0,5946.0,45266.0,25890.0,19111.0,16552.0,5167.0,7654.0,125633.0
2019,1,Neuquen,17.5264903960343,58.8780043343749,1328.0,3055.0,52360.0,1781.0,21452.0,17135.0,11026.0,6105.0,114242.0
2019,1,Rio Negro,16.478122478196,53.5716497810025,384.0,1583.0,84845.0,2037.0,13615.0,9567.0,5076.0,3719.0,120826.0
2019,1,Salta,9.71178101440345,40.0983444177161,49.0,4232.0,59244.0,36473.0,22910.0,10861.0,2242.0,1.0,136012.0
2019,1,San Juan,8.10898201726592,31.8330580534655,22.0,229.0,62380.0,266.0,520.0,3.0,2.0,560.0,63982.0
2019,1,San Luis,19.2717794012915,67.3379373977716,57.0,120.0,21380.0,53214.0,345.0,6.0,2.0,23577.0,98701.0
2019,1,Santa Cruz,7.04269163445306,23.6676549967689,25.0,128.0,21990.0,2731.0,702.0,26.0,4.0,0.0,25606.0
2019,1,Santa Fe,21.0598949173879,66.9740909479148,333.0,29350.0,296798.0,122959.0,153212.0,74575.0,36502.0,18591.0,732320.0
2019,1,Santiago Del Estero,9.3116162809496,37.5194167460039,39.0,3372.0,62895.0,20691.0,3959.0,85.0,494.0,0.0,91535.0
2019,1,Tierra Del Fuego,27.6849257912618,93.3758192272124,6.0,131.0,38851.0,3623.0,641.0,80.0,29.0,0.0,43361.0
2019,1,Tucuman,10.3126309673915,41.6307444313476,16.0,5188.0,82240.0,42877.0,26210.0,847.0,14839.0,0.0,172217.0
2019,2,Buenos Aires,22.2157894842981,67.847139823742,199768.0,46852.0,1436259.0,217785.0,438663.0,502275.0,985767.0,43438.0,3870807.0
2019,2,Capital Federal,46.0859257928109,110.545566994852,74.0,1027.0,281370.0,124087.0,239691.0,296155.0,475991.0,0.0,1418395.0
2019,2,Catamarca,8.17339703245058,32.1309502201928,34.0,43.0,16631.0,8670.0,6049.0,34.0,10.0,2151.0,33622.0
2019,2,Chaco,9.1250113292671,34.1402609798676,69.0,1383.0,38488.0,26431.0,16789.0,15348.0,9904.0,1492.0,109904.0
2019,2,Chubut,14.4038087278961,46.9879841362692,66.0,3952.0,69032.0,10049.0,1495.0,74.0,165.0,4500.0,89333.0
2019,2,Cordoba,20.8416372422382,68.0713093878985,81.0,8165.0,248427.0,100512.0,157458.0,170159.0,76053.0,8938.0,769793.0
2019,2,Corrientes,10.0474590194205,38.155585884188,10.0,3012.0,40424.0,27774.0,13114.0,11928.0,7119.0,6080.0,109461.0
2019,2,Entre Rios,17.1858204446725,57.4782345887239,18.0,5905.0,100687.0,52316.0,23196.0,24221.0,10664.0,17206.0,234213.0
2019,2,Formosa,7.74219578395609,30.4182360069433,1110.0,349.0,26512.0,5399.0,8384.0,2639.0,2258.0,100.0,46751.0
2019,2,Jujuy,11.3829345908251,44.511922790626,27.0,940.0,26233.0,8441.0,26700.0,27.0,2600.0,21765.0,86733.0
2019,2,La Pampa,25.3978398954861,77.083137502884,236.0,3289.0,75406.0,5191.0,1366.0,1445.0,629.0,2661.0,90223.0
2019,2,La Rioja,12.965645588675,48.7049391442432,9.0,11.0,39819.0,4297.0,4857.0,13.0,1298.0,0.0,50304.0
2019,2,Mendoza,11.3733565416729,40.7546242353627,20.0,2522.0,205165.0,2971.0,10092.0,1256.0,234.0,0.0,222260.0
2019,2,Misiones,10.6628255950184,39.1461255416994,47.0,2226.0,45769.0,27385.0,15408.0,18882.0,8129.0,12206.0,130052.0
2019,2,Neuquen,18.7779008056203,63.0809643276744,302.0,3038.0,61776.0,4688.0,17318.0,21210.0,14132.0,422.0,122886.0
2019,2,Rio Negro,18.7922767563462,61.0942074999118,384.0,1354.0,86366.0,2201.0,10291.0,12407.0,6907.0,18519.0,138429.0
2019,2,Salta,10.146610869132,41.8931983203698,49.0,974.0,59638.0,36923.0,16961.0,14059.0,6461.0,7585.0,142650.0
2019,2,San Juan,9.06854016252792,35.5997173374818,22.0,213.0,60913.0,2177.0,785.0,7.0,4.0,6119.0,70240.0
2019,2,San Luis,23.4082266301606,81.789994425864,57.0,102.0,16575.0,4964.0,467.0,57236.0,5.0,37977.0,117383.0
2019,2,Santa Cruz,8.58406482865588,28.8460630553221,25.0,84.0,24861.0,3806.0,1202.0,28.0,4.0,0.0,30010.0
2019,2,Santa Fe,21.2011304851442,67.4229199332195,321.0,8427.0,300124.0,125176.0,129741.0,100131.0,49865.0,22323.0,736108.0
2019,2,Santiago Del Estero,13.101581339389,52.789971263171,39.0,1832.0,63268.0,21362.0,3741.0,108.0,1205.0,34501.0,126056.0
2019,2,Tierra Del Fuego,28.1075638215957,94.7980342802349,6.0,123.0,41824.0,4241.0,1573.0,96.0,32.0,0.0,47895.0
2019,2,Tucuman,9.94246044080586,40.1360462142088,16.0,157.0,78891.0,44296.0,24291.0,628.0,18394.0,0.0,166673.0
2019,3,Buenos Aires,22.7617336155622,69.3563010607913,238920.0,44648.0,1432722.0,222812.0,260506.0,483572.0,1246209.0,42294.0,3971683.0
2019,3,Capital Federal,46.9047708934881,112.645387803721,104.0,368.0,269704.0,120924.0,138011.0,258591.0,655108.0,0.0,1442810.0
2019,3,Catamarca,7.85595476521849,30.8836145267372,34.0,43.0,14449.0,9285.0,6333.0,72.0,15.0,2151.0,32382.0
2019,3,Chaco,9.58066438752926,35.8460309754608,69.0,1216.0,32764.0,28198.0,13336.0,12987.0,16740.0,6917.0,112227.0
2019,3,Chubut,14.580466548719,47.5662416229331,74.0,840.0,62680.0,13033.0,7171.0,1240.0,614.0,4500.0,90152.0
2019,3,Cordoba,21.0007817769535,68.5923490106902,83.0,5824.0,240151.0,106651.0,118486.0,146247.0,157546.0,7353.0,782341.0
2019,3,Corrientes,10.1340281141787,38.4853511358672,10.0,597.0,42231.0,29628.0,10348.0,10388.0,12674.0,4780.0,110656.0
2019,3,Entre Rios,17.3116618255979,57.9000994579662,19.0,4446.0,99656.0,56161.0,17064.0,21216.0,22645.0,15107.0,236314.0
2019,3,Formosa,7.66417771389022,30.1124329977775,1110.0,349.0,24943.0,6049.0,7117.0,2262.0,4443.0,100.0,46373.0
2019,3,Jujuy,11.334206981241,44.3224868429136,27.0,885.0,31722.0,9240.0,26835.0,56.0,3671.0,16545.0,88981.0
2019,3,La Pampa,25.5190027056414,77.4526942329175,237.0,3289.0,75849.0,5922.0,1611.0,1359.0,941.0,1618.0,90826.0
2019,3,La Rioja,12.7624317908561,47.9429051217464,9.0,10.0,38657.0,4786.0,4887.0,22.0,1307.0,0.0,49678.0
2019,3,Mendoza,11.3681890162792,40.7371425873534,21.0,1269.0,206821.0,2958.0,10093.0,1263.0,349.0,0.0,222774.0
2019,3,Misiones,10.713348334459,39.3329298674438,47.0,1928.0,43530.0,29375.0,11256.0,16107.0,16650.0,12206.0,131099.0
2019,3,Neuquen,19.0920756796417,64.1388726949158,45.0,2258.0,62909.0,4586.0,9597.0,16923.0,28458.0,122.0,124898.0
2019,3,Rio Negro,19.5084985912294,63.4247008870096,47.0,1234.0,87435.0,2348.0,9779.0,10176.0,15505.0,17719.0,144243.0
2019,3,Salta,10.7718546234161,44.4761779222872,49.0,900.0,43160.0,62230.0,14309.0,11418.0,12357.0,7515.0,151938.0
2019,3,San Juan,9.44094148522601,37.0623130355423,22.0,171.0,68315.0,2245.0,1267.0,41.0,128.0,4779.0,76968.0
2019,3,San Luis,24.3909711661747,85.2260887684934,57.0,100.0,18643.0,5113.0,467.0,62242.0,5.0,36075.0,122702.0
2019,3,Santa Cruz,10.6015551925842,35.6281609788596,28.0,84.0,31612.0,4472.0,1203.0,27.0,4.0,0.0,37430.0
2019,3,Santa Fe,21.6564247463616,68.8717805759303,640.0,8184.0,242454.0,193286.0,107068.0,84325.0,97082.0,19537.0,752576.0
2019,3,Santiago Del Estero,13.7252880483641,55.3039114685454,39.0,1832.0,35554.0,55172.0,3612.0,86.0,1836.0,34501.0,132632.0
2019,3,Tierra Del Fuego,28.5989251932121,96.4621096309238,6.0,14.0,32133.0,4692.0,1756.0,82.0,226.0,9648.0,48557.0
2019,3,Tucuman,9.78157418438212,39.4876002040168,16.0,110.0,71043.0,47693.0,24354.0,843.0,20385.0,0.0,164444.0
2020,1,Buenos Aires,21.2080810142128,64.3256310174343,38215.0,36802.0,1122034.0,236421.0,247977.0,205780.0,1802583.0,28935.0,3718747.0
2020,1,Capital Federal,44.0240824345247,105.980174141819,264.0,312.0,169651.0,102254.0,89665.0,85899.0,906009.0,0.0,1354054.0
2020,1,Catamarca,9.56828644748246,37.6154276874603,63.0,0.0,8838.0,7543.0,9558.0,408.0,10299.0,2151.0,38860.0
2020,1,Chaco,10.0183580078063,37.4838333691726,308.0,928.0,23291.0,19976.0,29851.0,10416.0,28539.0,6917.0,120226.0
2020,1,Chubut,15.7151397399492,51.268489419097,158.0,109.0,69586.0,12957.0,7756.0,1240.0,614.0,4500.0,96920.0
2020,1,Cordoba,21.6423266904036,70.6880744339108,142.0,5128.0,217229.0,120188.0,95827.0,65733.0,296875.0,9802.0,810924.0
2020,1,Corrientes,10.1981922972643,38.7290799422309,72.0,527.0,33479.0,21382.0,26679.0,7351.0,19467.0,4780.0,113737.0
2020,1,Entre Rios,16.7793875942568,56.1200605143722,130.0,4081.0,72280.0,47132.0,41125.0,11988.0,39794.0,13762.0,230292.0
2020,1,Formosa,7.69363320950793,30.2283039626068,1127.0,342.0,23761.0,6500.0,6564.0,964.0,6918.0,100.0,46276.0
2020,1,Jujuy,11.9345057136942,46.6702306399878,55.0,182.0,33120.0,9979.0,26693.0,166.0,7349.0,16545.0,94089.0
2020,1,La Pampa,24.9634889459636,75.766787812914,293.0,811.0,72740.0,7199.0,3029.0,1342.0,2113.0,1618.0,89145.0
2020,1,La Rioja,12.3374236886702,46.346631384167,21.0,1.0,37209.0,5158.0,4640.0,22.0,1294.0,0.0,48345.0
2020,1,Mendoza,9.24865632529103,33.1420767001727,58.0,40.0,140410.0,12285.0,17489.0,2860.0,3818.0,0.0,176960.0
2020,1,Misiones,10.6276210559822,39.018347551712,71.0,524.0,36622.0,21271.0,26433.0,11581.0,26313.0,10885.0,133700.0
2020,1,Neuquen,18.4098728835989,61.8474936235507,218.0,327.0,60152.0,5257.0,7123.0,5399.0,43738.0,0.0,122214.0
2020,1,Rio Negro,16.9526360543075,55.1156686596236,114.0,466.0,69154.0,2930.0,7857.0,3199.0,25488.0,17719.0,126927.0
2020,1,Salta,12.0116972009766,49.5956802701287,129.0,514.0,38537.0,63714.0,17991.0,8625.0,34744.0,6441.0,170695.0
2020,1,San Juan,8.25127788119013,32.3922921363047,48.0,194.0,59787.0,1594.0,1292.0,40.0,127.0,4779.0,67861.0
2020,1,San Luis,21.8387693863723,76.3085418464193,105.0,0.0,11322.0,4164.0,525.0,58258.0,5.0,36075.0,110454.0
2020,1,Santa Cruz,10.7041725372986,35.9742762889655,67.0,11.0,27447.0,4993.0,5169.0,529.0,119.0,0.0,38335.0
2020,1,Santa Fe,21.8613245878736,69.5235794025313,696.0,2994.0,217553.0,196826.0,104560.0,48448.0,173823.0,17656.0,762556.0
2020,1,Santiago Del Estero,10.5392121668386,42.4663591879918,133.0,1779.0,33086.0,56884.0,3737.0,135.0,2799.0,4501.0,103054.0
2020,1,Tierra Del Fuego,22.5525532508604,76.0696497901879,11.0,1.0,22976.0,5024.0,1834.0,196.0,518.0,7046.0,37606.0
2020,1,Tucuman,11.8524649017937,47.8479232585003,52.0,97.0,49555.0,50383.0,31096.0,1730.0,67536.0,0.0,200449.0
2020,2,Buenos Aires,21.5528584048363,65.2205801358229,37542.0,31606.0,1129236.0,241336.0,233132.0,188995.0,1894466.0,21233.0,3777546.0
2020,2,Capital Federal,44.151826868205,106.414805990736,264.0,312.0,166474.0,94585.0,79858.0,80160.0,935481.0,687.0,1357821.0
2020,2,Catamarca,11.5566668352857,45.4318181818182,63.0,0.0,8801.0,8690.0,10242.0,426.0,16578.0,3176.0,47976.0
2020,2,Chaco,10.6461982789206,39.8325027900658,308.0,928.0,24350.0,21140.0,29044.0,12082.0,33311.0,6969.0,128132.0
2020,2,Chubut,17.5779234120481,57.3446133872355,158.0,109.0,69578.0,22188.0,10537.0,1473.0,614.0,3999.0,108656.0
2020,2,Cordoba,22.2626297682841,72.7135853124239,168.0,4383.0,219025.0,125932.0,89530.0,63216.0,325243.0,8971.0,836468.0
2020,2,Corrientes,10.6131399504817,40.3047626797957,72.0,527.0,34242.0,22845.0,25844.0,7898.0,22418.0,5020.0,118866.0
2020,2,Entre Rios,16.9046496397221,56.5386547397096,130.0,3679.0,66758.0,50640.0,42090.0,12856.0,43391.0,14569.0,234113.0
2020,2,Formosa,7.92553974261672,31.1394362262631,391.0,151.0,23534.0,7109.0,6998.0,961.0,7475.0,1313.0,47932.0
2020,2,Jujuy,12.246000275261,47.8878102278728,55.0,182.0,30548.0,10519.0,26829.0,209.0,9417.0,16557.0,94316.0
2020,2,La Pampa,25.0738459648555,76.1015828898756,293.0,810.0,71218.0,7531.0,3800.0,1657.0,3377.0,1123.0,89809.0
2020,2,La Rioja,13.2675488804432,49.8399350183955,21.0,1.0,37375.0,5661.0,4686.0,73.0,4336.0,2.0,52155.0
2020,2,Mendoza,10.1166524693736,36.2522434211,58.0,40.0,142253.0,12439.0,35274.0,3248.0,5422.0,2450.0,201184.0
2020,2,Misiones,11.1369196743518,40.8877960096961,71.0,524.0,39867.0,23719.0,26445.0,12305.0,28763.0,8646.0,140340.0
2020,2,Neuquen,19.0205986637401,63.8984690337643,218.0,327.0,61171.0,6103.0,6625.0,5296.0,46432.0,0.0,126172.0
2020,2,Rio Negro,17.3384537515365,56.369335248792,114.0,466.0,70817.0,3335.0,7498.0,3246.0,26953.0,17057.0,129486.0
2020,2,Salta,12.4928228219153,51.5815833534036,129.0,514.0,41801.0,64463.0,16989.0,7741.0,39594.0,6531.0,177762.0
2020,2,San Juan,8.93978645060613,35.0948577636503,48.0,194.0,59113.0,917.0,4908.0,40.0,127.0,4430.0,69777.0
2020,2,San Luis,22.4402866477222,78.4096773527651,105.0,0.0,11439.0,3585.0,1934.0,60889.0,8.0,35992.0,113952.0
2020,2,Santa Cruz,10.6506751720812,35.792623969796,66.0,0.0,26938.0,4166.0,6541.0,546.0,119.0,493.0,38869.0
2020,2,Santa Fe,22.0118993487247,70.002168637187,568.0,2061.0,213054.0,198772.0,96575.0,57236.0,189473.0,20193.0,777932.0
2020,2,Santiago Del Estero,10.7876486349067,43.4671668246836,133.0,1779.0,32557.0,57709.0,5178.0,247.0,3328.0,4516.0,105447.0
2020,2,Tierra Del Fuego,22.6423924473359,76.3694826074247,11.0,0.0,22325.0,5186.0,3034.0,391.0,796.0,7446.0,39189.0
2020,2,Tucuman,12.8267966617582,51.7807409103048,52.0,97.0,49028.0,54537.0,34184.0,2246.0,74377.0,2635.0,217156.0
2020,3,Buenos Aires,22.4100880534403,67.6561898309092,37542.0,31514.0,1113823.0,234710.0,219772.0,194248.0,2085815.0,19853.0,3937277.0
2020,3,Capital Federal,44.6227428971926,107.675901165732,264.0,312.0,162222.0,85083.0,68753.0,78028.0,977766.0,247.0,1372675.0
2020,3,Catamarca,11.9952888012884,47.157098984172,63.0,0.0,8276.0,8768.0,11195.0,562.0,18886.0,2154.0,49904.0
2020,3,Chaco,11.1027673619054,41.5419205780652,308.0,112.0,24675.0,21639.0,27546.0,13751.0,38729.0,7194.0,133954.0
2020,3,Chubut,20.9487153048533,68.3438981572004,158.0,109.0,87559.0,22114.0,12217.0,2818.0,1110.0,3942.0,130027.0
2020,3,Cordoba,23.0297083535099,75.2203572366921,168.0,3064.0,218599.0,124833.0,84236.0,63823.0,361021.0,11728.0,867472.0
2020,3,Corrientes,10.9936136166816,41.7507494704644,72.0,527.0,35190.0,23315.0,25308.0,8615.0,25344.0,5020.0,123391.0
2020,3,Entre Rios,17.3981108790514,58.1901640924315,130.0,2911.0,66648.0,51478.0,40797.0,14377.0,49395.0,15759.0,241495.0
2020,3,Formosa,8.12033722939222,31.9056233101865,391.0,151.0,23163.0,7432.0,7125.0,991.0,8219.0,1737.0,49209.0
2020,3,Jujuy,13.8200370336799,54.0444192382091,55.0,182.0,32131.0,10566.0,45198.0,293.0,15238.0,3065.0,106728.0
2020,3,La Pampa,26.115702018823,79.2644770667028,293.0,810.0,66695.0,7820.0,5577.0,2189.0,6322.0,4029.0,93735.0
2020,3,La Rioja,13.3413120207716,50.1181132363027,21.0,1.0,37105.0,5955.0,4660.0,124.0,4748.0,2.0,52616.0
2020,3,Mendoza,10.4223554880532,37.3486331372327,58.0,40.0,141404.0,12123.0,42433.0,3448.0,8237.0,45.0,207788.0
2020,3,Misiones,11.3317985370104,41.6044862854486,71.0,524.0,39005.0,24215.0,25942.0,13663.0,30987.0,8779.0,143186.0
2020,3,Neuquen,19.4204592926977,65.2441702553022,218.0,327.0,60463.0,6561.0,5975.0,5449.0,49439.0,803.0,129235.0
2020,3,Rio Negro,17.54802558517,57.052405915845,114.0,466.0,68986.0,3769.0,7096.0,3455.0,28488.0,19093.0,131467.0
2020,3,Salta,12.6702393071254,52.315712128488,129.0,514.0,32780.0,64736.0,15990.0,7928.0,43773.0,14996.0,180846.0
2020,3,San Juan,9.88083251128296,38.7899552541285,48.0,194.0,65526.0,711.0,6529.0,41.0,128.0,4150.0,77327.0
2020,3,San Luis,22.8839263803681,79.9617220941719,105.0,0.0,12199.0,3351.0,2666.0,61319.0,8.0,36917.0,116565.0
2020,3,Santa Cruz,10.6972070325265,35.9515289078445,66.0,0.0,26888.0,4015.0,6730.0,629.0,120.0,833.0,39281.0
2020,3,Santa Fe,22.6777105226816,72.1206024734824,568.0,1241.0,213353.0,199381.0,92095.0,58797.0,210562.0,27001.0,802998.0
2020,3,Santiago Del Estero,10.7648413009404,43.3759313169191,133.0,909.0,33287.0,57418.0,4658.0,292.0,3994.0,4801.0,105492.0
2020,3,Tierra Del Fuego,22.7715153638102,76.809095839467,11.0,0.0,22094.0,5414.0,3726.0,481.0,937.0,6992.0,39655.0
2020,3,Tucuman,13.1849907035556,53.2281495112899,52.0,97.0,45913.0,54610.0,33126.0,3246.0,84195.0,2637.0,223876.0
2021,1,Buenos Aires,22.998353975762,69.1052407618594,36939.0,31187.0,1108368.0,240520.0,163747.0,222061.0,2246313.0,10867.0,4060002.0
2021,1,Capital Federal,44.8269901646418,108.419939223293,135.0,244.0,159662.0,76753.0,56457.0,83255.0,1003041.0,126.0,1379673.0
2021,1,Catamarca,12.4382789182565,48.8990929278482,71.0,0.0,7423.0,8455.0,10115.0,712.0,22996.0,2196.0,51968.0
2021,1,Chaco,11.5288964774878,43.1364924170879,301.0,112.0,24357.0,22102.0,27556.0,14496.0,42462.0,8384.0,139770.0
2021,1,Chubut,21.1478383150763,68.9942808881567,106.0,109.0,86986.0,21401.0,15392.0,2844.0,1112.0,4390.0,132340.0
2021,1,Cordoba,24.0613716456615,78.5902806238002,93.0,2386.0,211799.0,135092.0,74659.0,71984.0,402191.0,12677.0,910881.0
2021,1,Corrientes,11.2341158695361,42.6641284388214,67.0,527.0,31544.0,26223.0,26169.0,9001.0,27641.0,5453.0,126625.0
2021,1,Entre Rios,18.0705817215044,60.4394497283423,105.0,2911.0,67255.0,56060.0,42432.0,15774.0,54600.0,12826.0,251963.0
2021,1,Formosa,8.33089528442991,32.7329557563272,56.0,0.0,22409.0,7569.0,7916.0,1215.0,9579.0,1942.0,50686.0
2021,1,Jujuy,14.2260459665007,55.6324478962054,49.0,175.0,23735.0,17293.0,40649.0,568.0,25609.0,2378.0,110456.0
2021,1,La Pampa,26.943299898725,81.7767634575221,298.0,554.0,68200.0,7864.0,7611.0,2786.0,7368.0,2424.0,97105.0
2021,1,La Rioja,13.2583601634496,49.8069351907935,18.0,1.0,36749.0,5968.0,4604.0,215.0,5074.0,0.0,52628.0
2021,1,Mendoza,10.9260024514795,39.1536615289964,28.0,40.0,134386.0,11216.0,52533.0,4061.0,16615.0,44.0,218923.0
2021,1,Misiones,11.7588116112233,43.1724389059718,51.0,524.0,40949.0,25503.0,27101.0,14050.0,32953.0,8256.0,149387.0
2021,1,Neuquen,19.895917331183,66.8420894204527,116.0,327.0,56171.0,8443.0,5903.0,5677.0,50840.0,5758.0,133235.0
2021,1,Rio Negro,18.7249056578747,60.8792403032577,125.0,466.0,70011.0,4187.0,13045.0,3642.0,29589.0,20103.0,141168.0
2021,1,Salta,13.0611284262362,53.9300192633909,109.0,20.0,40785.0,68149.0,9164.0,8139.0,54889.0,6319.0,187574.0
2021,1,San Juan,9.94836869480331,39.0551943353576,25.0,194.0,60439.0,858.0,11494.0,340.0,276.0,4641.0,78267.0
2021,1,San Luis,23.248835158317,81.2373017712751,58.0,0.0,11889.0,2926.0,4429.0,62913.0,22.0,36917.0,119154.0
2021,1,Santa Cruz,12.3918254034438,41.6478310399074,50.0,0.0,30655.0,8334.0,6987.0,1337.0,647.0,0.0,46065.0
2021,1,Santa Fe,23.2423821861305,73.9165640702618,518.0,891.0,201632.0,204458.0,91846.0,65476.0,236924.0,24382.0,826127.0
2021,1,Santiago Del Estero,11.3348711690326,45.6730828236546,123.0,909.0,33884.0,58464.0,8549.0,700.0,4868.0,4144.0,111641.0
2021,1,Tierra Del Fuego,22.9312154304354,77.3493560917737,17.0,0.0,21379.0,1468.0,4317.0,486.0,919.0,11836.0,40422.0
2021,1,Tucuman,13.5789638246782,54.8189225412539,29.0,97.0,42810.0,53416.0,25255.0,4188.0,103437.0,2680.0,231912.0
2021,2,Buenos Aires,23.352473727873,70.0033033602797,37192.0,31178.0,1096049.0,244001.0,140322.0,236897.0,2337604.0,9108.0,4132351.0
2021,2,Capital Federal,45.4871904812949,110.144402032121,294.0,603.0,157558.0,73568.0,43859.0,86655.0,1037752.0,66.0,1400355.0
2021,2,Catamarca,13.3137486714673,52.3403096626386,71.0,0.0,7219.0,9091.0,6828.0,4941.0,25388.0,2206.0,55744.0
2021,2,Chaco,11.5800413405394,43.3276272929354,301.0,112.0,23444.0,21574.0,24032.0,16069.0,47239.0,7958.0,140729.0
2021,2,Chubut,22.1597817714202,72.2941048193647,104.0,105.0,89639.0,22605.0,16604.0,3896.0,1112.0,5172.0,139237.0
2021,2,Cordoba,24.5284062912537,80.1151879593124,99.0,2452.0,201757.0,136516.0,66950.0,70824.0,442357.0,9925.0,930880.0
2021,2,Corrientes,11.4650645801296,43.5411637336848,67.0,645.0,29419.0,27037.0,24524.0,10059.0,32697.0,5053.0,129501.0
2021,2,Entre Rios,18.4356806329179,61.6602644647879,107.0,3024.0,63518.0,55349.0,39468.0,18484.0,61605.0,16077.0,257632.0
2021,2,Formosa,8.45629304957047,33.2254841932261,381.0,0.0,22364.0,7310.0,7460.0,1341.0,11077.0,1618.0,51551.0
2021,2,Jujuy,14.3667840692187,56.1821570114677,48.0,175.0,24182.0,16577.0,37908.0,607.0,29950.0,2401.0,111848.0
2021,2,La Pampa,27.0435584401919,82.080006723254,298.0,554.0,64146.0,7769.0,8128.0,3399.0,9311.0,4062.0,97667.0
2021,2,La Rioja,20.4915850957506,76.9786615851933,18.0,1.0,5312.0,5971.0,23298.0,4825.0,42158.0,19.0,81602.0
2021,2,Mendoza,11.4338470668006,40.9732418261709,36.0,31.0,137462.0,10886.0,56117.0,4403.0,20686.0,50.0,229671.0
2021,2,Misiones,12.2601465948529,45.0128113119994,51.0,5.0,41643.0,25907.0,25811.0,16172.0,38308.0,8279.0,156176.0
2021,2,Neuquen,20.5802361256459,69.1402108463862,112.0,327.0,57713.0,8631.0,5871.0,5943.0,54008.0,5645.0,138250.0
2021,2,Rio Negro,19.0520518601284,61.9420405741775,125.0,557.0,69356.0,3663.0,15019.0,3867.0,31488.0,20009.0,144084.0
2021,2,Salta,13.3034413913845,54.9300901747889,101.0,20.0,42543.0,67012.0,7099.0,9654.0,58882.0,6328.0,191639.0
2021,2,San Juan,10.0067190669371,39.2840257006206,18.0,333.0,59989.0,784.0,12550.0,340.0,278.0,4641.0,78933.0
2021,2,San Luis,23.8905552767436,83.4781072006307,60.0,0.0,11752.0,2703.0,5418.0,65946.0,22.0,36917.0,122818.0
2021,2,Santa Cruz,13.096756425785,44.0149166554342,50.0,0.0,30595.0,8463.0,6888.0,1575.0,676.0,735.0,48982.0
2021,2,Santa Fe,23.6047874530137,75.0687862629301,467.0,896.0,202018.0,204077.0,80452.0,75195.0,262124.0,15371.0,840600.0
2021,2,Santiago Del Estero,11.5543888752169,46.5572753649211,123.0,909.0,32034.0,62224.0,10359.0,811.0,6064.0,1566.0,114090.0
2021,2,Tierra Del Fuego,20.1266479457771,67.8858077522918,17.0,0.0,21335.0,6913.0,4580.0,476.0,889.0,1483.0,35693.0
2021,2,Tucuman,13.606163819728,54.928196510348,32.0,97.0,40224.0,51648.0,23732.0,5022.0,109616.0,2680.0,233051.0
2021,3,Buenos Aires,23.9698919039995,71.6821894010193,37193.0,31149.0,1108940.0,248153.0,141383.0,192797.0,2482266.0,9728.0,4251609.0
2021,3,Capital Federal,45.9003834652686,111.271055142509,295.0,603.0,156978.0,67013.0,39785.0,73502.0,1075229.0,0.0,1413405.0
2021,3,Catamarca,13.4074723766124,52.7097934860013,71.0,0.0,6755.0,8428.0,10517.0,1659.0,26618.0,2206.0,56254.0
2021,3,Chaco,11.4821345600996,42.9624100796766,301.0,112.0,22545.0,20986.0,23852.0,14412.0,49705.0,7958.0,139871.0
2021,3,Chubut,24.7383755028802,80.7097384765756,104.0,105.0,89168.0,26281.0,18538.0,5320.0,1643.0,14907.0,156066.0
2021,3,Cordoba,24.8859576286757,81.2845665540848,99.0,2452.0,204989.0,141285.0,65050.0,47198.0,476459.0,9256.0,946788.0
2021,3,Corrientes,11.8228555121759,44.9008831266441,67.0,645.0,29629.0,28478.0,24792.0,9687.0,35468.0,5053.0,133819.0
2021,3,Entre Rios,18.5905655958691,62.1794014538577,107.0,3024.0,61354.0,59776.0,39114.0,16284.0,67961.0,12755.0,260375.0
2021,3,Formosa,8.64358218729535,33.9620335406843,381.0,0.0,22778.0,7142.0,6978.0,1192.0,12707.0,1617.0,52795.0
2021,3,Jujuy,14.240381868424,55.6892647441935,48.0,175.0,23884.0,16417.0,37755.0,561.0,29917.0,2401.0,111158.0
2021,3,La Pampa,27.7678911910512,84.2799630965361,298.0,313.0,65063.0,7395.0,8737.0,4023.0,10506.0,4152.0,100487.0
2021,3,La Rioja,20.5659645302194,77.2601606138685,18.0,1.0,5366.0,5979.0,23315.0,4868.0,42613.0,0.0,82160.0
2021,3,Mendoza,12.710228113581,45.548284680561,36.0,31.0,151871.0,12640.0,62628.0,7596.0,21087.0,50.0,255939.0
2021,3,Misiones,12.4117725813258,45.5706536580879,51.0,5.0,41932.0,25099.0,26079.0,14792.0,42291.0,8279.0,158528.0
2021,3,Neuquen,20.7481620211386,69.7065334450161,112.0,327.0,57441.0,8566.0,6234.0,3631.0,57919.0,5579.0,139809.0
2021,3,Rio Negro,19.059250627465,61.9672131147541,125.0,557.0,68991.0,3730.0,14880.0,2282.0,34011.0,20009.0,144585.0
2021,3,Salta,13.5535260221222,55.9642780595842,101.0,20.0,41431.0,70104.0,6962.0,3878.0,67010.0,6327.0,195833.0
2021,3,San Juan,10.0502366420225,39.4554480019856,18.0,333.0,59873.0,752.0,13250.0,338.0,278.0,4641.0,79483.0
2021,3,San Luis,22.8574088187895,79.8704334921291,60.0,0.0,11552.0,2405.0,6491.0,67942.0,22.0,29392.0,117864.0
2021,3,Santa Cruz,13.0162543718839,43.7473202801201,50.0,0.0,30561.0,8365.0,6799.0,1788.0,678.0,735.0,48976.0
2021,3,Santa Fe,23.5881524458178,75.0170476272823,467.0,579.0,193207.0,201250.0,83941.0,55080.0,290793.0,16267.0,841584.0
2021,3,Santiago Del Estero,11.6607366908917,47.0,123.0,909.0,32752.0,61838.0,11274.0,801.0,6863.0,898.0,115458.0
2021,3,Tierra Del Fuego,28.1501701128294,94.9538682598503,17.0,0.0,23723.0,13397.0,9782.0,1433.0,976.0,895.0,50223.0
2021,3,Tucuman,13.5334467757118,54.636044861008,32.0,97.0,39446.0,50293.0,21986.0,5300.0,115154.0,164.0,232472.0
2022,1,Buenos Aires,25.5630301520284,76.0781466115726,31591.0,30056.0,313382.0,321756.0,290127.0,161183.0,3381049.0,26280.0,4555424.0
2022,1,Capital Federal,46.0143476214435,111.797862691747,527.0,5575.0,39918.0,77390.0,61053.0,43289.0,1188072.0,1717.0,1417541.0
2022,1,Catamarca,14.8056195749953,58.2063508356117,71.0,456.0,4386.0,7009.0,8773.0,3761.0,35715.0,2207.0,62378.0
2022,1,Chaco,11.7753420404361,44.0594800994188,461.0,1099.0,16888.0,21235.0,20898.0,13012.0,62946.0,7580.0,144119.0
2022,1,Chubut,26.9887596631044,88.0527409383577,113.0,1677.0,61369.0,31856.0,33080.0,13871.0,14055.0,15607.0,171628.0
2022,1,Cordoba,26.2552622183512,85.7574535631355,100.0,12782.0,165922.0,126009.0,73967.0,34892.0,577027.0,13104.0,1003803.0
2022,1,Corrientes,12.5452812873128,47.6446351415023,67.0,4029.0,24563.0,25665.0,27077.0,10452.0,43631.0,7094.0,142578.0
2022,1,Entre Rios,19.0454052709211,63.7009034712316,107.0,5745.0,50075.0,49620.0,42294.0,21578.0,81757.0,16750.0,267926.0
2022,1,Formosa,8.89642743559843,34.9556869957513,97.0,448.0,24113.0,6945.0,6613.0,716.0,15028.0,588.0,54548.0
2022,1,Jujuy,14.8476418286294,58.0646286642678,58.0,1761.0,22141.0,16321.0,37923.0,576.0,35287.0,2442.0,116509.0
2022,1,La Pampa,30.2004150314026,91.6633253140871,301.0,2223.0,62812.0,9869.0,12044.0,5250.0,14400.0,2833.0,109732.0
2022,1,La Rioja,20.9691741722694,78.774598665645,18.0,778.0,3576.0,4692.0,23624.0,5645.0,45970.0,0.0,84303.0
2022,1,Mendoza,13.5994765497552,48.7352409355834,114.0,3355.0,51230.0,26407.0,74178.0,21566.0,95048.0,3287.0,275185.0
2022,1,Misiones,13.3575393367025,49.0433419977295,51.0,3873.0,35655.0,22261.0,26855.0,15854.0,58610.0,8349.0,171508.0
2022,1,Neuquen,22.0774604260943,74.1730550999272,137.0,1123.0,39856.0,15623.0,11163.0,2654.0,71238.0,7885.0,149679.0
2022,1,Rio Negro,20.6182298408439,67.0364075498703,116.0,1383.0,35565.0,18859.0,26926.0,14144.0,37729.0,22652.0,157374.0
2022,1,Salta,13.5881660533538,56.1075934084976,114.0,1725.0,35576.0,68246.0,6313.0,2214.0,76838.0,6489.0,197515.0
2022,1,San Juan,11.0921164686066,43.5459816093316,26.0,2269.0,32356.0,11914.0,25144.0,2088.0,11916.0,2465.0,88178.0
2022,1,San Luis,23.1016562316874,80.7242306060177,61.0,643.0,8287.0,3837.0,9802.0,68612.0,13.0,28589.0,119844.0
2022,1,Santa Cruz,12.8942973288096,43.3384231105305,51.0,6898.0,12710.0,11502.0,12277.0,2628.0,2551.0,485.0,49102.0
2022,1,Santa Fe,24.3073969989344,77.304584747584,468.0,12435.0,143796.0,208361.0,84787.0,58018.0,344170.0,18444.0,870479.0
2022,1,Santiago Del Estero,11.7068821320295,47.1727383932405,178.0,1401.0,30220.0,61170.0,13542.0,849.0,8309.0,792.0,116461.0
2022,1,Tierra Del Fuego,29.1386510406859,98.2905503867279,24.0,894.0,12849.0,15640.0,18034.0,1767.0,982.0,2421.0,52611.0
2022,1,Tucuman,14.2155333342981,57.3900322723119,39.0,2212.0,36028.0,46961.0,21014.0,5211.0,133846.0,273.0,245584.0
2022,2,Buenos Aires,26.1292712783274,77.58,30639.0,28323.0,295238.0,307554.0,273954.0,129869.0,3535757.0,65849.0,4667183.0
2022,2,Capital Federal,49.8735612562611,121.31,517.0,5980.0,36036.0,72434.0,55372.0,31571.0,1229254.0,105607.0,1536771.0
2022,2,Catamarca,15.8717901952471,62.4,71.0,413.0,3678.0,6155.0,7165.0,3393.0,43926.0,2207.0,67008.0
2022,2,Chaco,11.7025439036955,43.79,461.0,1047.0,17603.0,20109.0,8391.0,15974.0,76271.0,3708.0,143564.0
2022,2,Chubut,25.4999193362706,83.19,109.0,1444.0,45804.0,31217.0,34290.0,14526.0,15394.0,20021.0,162805.0
2022,2,Cordoba,26.7815908411335,87.48,99.0,11971.0,160486.0,120485.0,71923.0,28645.0,619400.0,13426.0,1026435.0
2022,2,Corrientes,12.7321469653836,48.35,67.0,3937.0,24253.0,24842.0,8001.0,21719.0,55071.0,7107.0,144997.0
2022,2,Entre Rios,19.1046859506594,63.9,107.0,5656.0,48637.0,48557.0,18512.0,32355.0,98769.0,16759.0,269352.0
2022,2,Formosa,11.0498145911401,43.42,97.0,407.0,23834.0,19706.0,6330.0,591.0,16326.0,590.0,67881.0
2022,2,Jujuy,14.6569135245407,57.32,58.0,1829.0,19458.0,15790.0,37786.0,549.0,37391.0,2453.0,115314.0
2022,2,La Pampa,30.6327215596658,92.98,68.0,1887.0,62546.0,9842.0,11800.0,5247.0,17125.0,3012.0,111527.0
2022,2,La Rioja,21.3314092169144,80.14,18.0,728.0,3179.0,3890.0,23814.0,5481.0,48920.0,0.0,86030.0
2022,2,Mendoza,13.7822337845706,49.39,103.0,2954.0,44961.0,22557.0,64138.0,19543.0,121366.0,3940.0,279562.0
2022,2,Misiones,13.8900281819679,51.0,51.0,3808.0,37254.0,21712.0,12774.0,19757.0,75107.0,8350.0,178813.0
2022,2,Neuquen,23.8174575281712,80.02,134.0,999.0,38826.0,15066.0,9205.0,2039.0,76982.0,18717.0,161968.0
2022,2,Rio Negro,20.8675435273834,67.85,111.0,1227.0,33364.0,17938.0,27168.0,13714.0,41972.0,24270.0,159764.0
2022,2,Salta,13.9360105574487,57.54,114.0,1530.0,33732.0,72661.0,6012.0,1156.0,81478.0,6494.0,203177.0
2022,2,San Juan,12.5979124556312,49.46,24.0,2027.0,30385.0,11276.0,24649.0,3728.0,16701.0,11617.0,100407.0
2022,2,San Luis,23.3969726787719,81.76,60.0,306.0,6840.0,21217.0,11052.0,67438.0,13.0,14815.0,121741.0
2022,2,Santa Cruz,12.8396228385264,43.15,52.0,6841.0,12348.0,11369.0,11885.0,2454.0,3592.0,644.0,49185.0
2022,2,Santa Fe,24.4959067991646,77.9,468.0,11757.0,138534.0,204381.0,74133.0,58114.0,373888.0,17584.0,878859.0
2022,2,Santiago Del Estero,11.8367379681289,47.7,178.0,1401.0,29581.0,59931.0,14606.0,883.0,10672.0,792.0,118044.0
2022,2,Tierra Del Fuego,29.604955264969,99.86,22.0,831.0,12052.0,14828.0,19968.0,1712.0,1006.0,3351.0,53770.0
2022,2,Tucuman,14.6914572899128,59.31,39.0,2195.0,34461.0,43513.0,23634.0,4863.0,145541.0,281.0,254527.0
2022,3,Buenos Aires,26.37,78.11,29985.0,27709.0,290315.0,297915.0,267044.0,124190.0,3618689.0,65821.0,4721668.0
2022,3,Capital Federal,50.22,122.28,517.0,5742.0,34371.0,67829.0,51946.0,28692.0,1253105.0,105477.0,1547679.0
2022,3,Catamarca,16.62,65.33,71.0,384.0,3107.0,5389.0,5099.0,3737.0,50298.0,2208.0,70293.0
2022,3,Chaco,11.72,43.86,461.0,987.0,16782.0,18938.0,8049.0,15828.0,79390.0,3711.0,144146.0
2022,3,Chubut,25.86,84.38,109.0,1444.0,45707.0,30940.0,34682.0,15309.0,17563.0,20024.0,165778.0
2022,3,Cordoba,27.04,88.31,99.0,11312.0,153324.0,111615.0,70989.0,27112.0,650344.0,13873.0,1038668.0
2022,3,Corrientes,12.69,48.21,67.0,3865.0,23427.0,23948.0,7776.0,21706.0,56950.0,7107.0,144846.0
2022,3,Entre Rios,19.04,63.67,107.0,5549.0,47210.0,46855.0,18263.0,32021.0,102195.0,16759.0,268959.0
2022,3,Formosa,11.14,43.76,97.0,307.0,23538.0,19545.0,6194.0,564.0,17704.0,589.0,68538.0
2022,3,Jujuy,15.06,58.91,58.0,1879.0,19135.0,15254.0,36083.0,519.0,45895.0,0.0,118823.0
2022,3,La Pampa,31.82,96.59,68.0,1887.0,61540.0,9653.0,11592.0,5609.0,22731.0,3012.0,116092.0
2022,3,La Rioja,21.47,80.66,18.0,689.0,2842.0,3375.0,24219.0,5331.0,50390.0,0.0,86864.0
2022,3,Mendoza,14.24,51.03,103.0,2953.0,44232.0,21977.0,48201.0,17243.0,150043.0,4771.0,289523.0
2022,3,Misiones,14.11,51.82,51.0,3749.0,36628.0,20758.0,12676.0,19615.0,80330.0,8350.0,182157.0
2022,3,Neuquen,23.92,80.37,134.0,991.0,38485.0,14080.0,9200.0,6700.0,78713.0,14858.0,163161.0
2022,3,Rio Negro,20.91,67.98,111.0,1221.0,32936.0,17860.0,27934.0,13629.0,42596.0,24271.0,160558.0
2022,3,Salta,13.99,57.76,114.0,1490.0,32923.0,71199.0,5662.0,1001.0,85661.0,6491.0,204541.0
2022,3,San Juan,12.94,50.8,24.0,2027.0,30324.0,11247.0,22157.0,6780.0,19221.0,11619.0,103399.0
2022,3,San Luis,23.39,81.74,60.0,307.0,6563.0,20813.0,12061.0,67438.0,13.0,14815.0,122070.0
2022,3,Santa Cruz,12.85,43.19,52.0,6841.0,12342.0,11313.0,11378.0,2333.0,4604.0,647.0,49510.0
2022,3,Santa Fe,24.7,78.55,468.0,11132.0,132709.0,198588.0,70897.0,57455.0,396352.0,20209.0,887810.0
2022,3,Santiago Del Estero,11.91,47.98,178.0,1384.0,28357.0,58982.0,16087.0,910.0,12342.0,792.0,119032.0
2022,3,Tierra Del Fuego,29.5,99.51,22.0,831.0,12002.0,14815.0,20102.0,1752.0,1021.0,3351.0,53896.0
2022,3,Tucuman,15.14,61.14,39.0,2047.0,32571.0,39018.0,25214.0,4348.0,159600.0,280.0,263117.0
2023,1,Buenos Aires,26.81,79.0,28615.0,25137.0,249864.0,264388.0,241923.0,104495.0,3810940.0,95566.0,4820928.0
2023,1,Capital Federal,50.23,122.59,516.0,4500.0,28668.0,60061.0,34974.0,7859.0,1305284.0,106867.0,1548729.0
2023,1,Catamarca,16.83,66.17,71.0,221.0,2192.0,4352.0,3794.0,2607.0,55944.0,2311.0,71492.0
2023,1,Chaco,11.53,43.15,236.0,544.0,15113.0,15190.0,7729.0,3020.0,96663.0,3947.0,142442.0
2023,1,Chubut,26.32,85.89,109.0,1598.0,45794.0,30947.0,25072.0,17700.0,28259.0,20574.0,170053.0
2023,1,Cordoba,27.2,88.84,99.0,8844.0,131774.0,103063.0,57176.0,24960.0,690566.0,33490.0,1049972.0
2023,1,Corrientes,13.71,52.05,67.0,3074.0,22517.0,23420.0,6349.0,4601.0,88008.0,8984.0,157020.0
2023,1,Entre Rios,19.37,64.79,107.0,4525.0,41215.0,51664.0,20667.0,22680.0,134020.0,0.0,274878.0
2023,1,Formosa,9.87,38.79,84.0,192.0,22016.0,11922.0,6229.0,273.0,19567.0,702.0,60985.0
2023,1,Jujuy,14.88,58.2,58.0,1598.0,16842.0,12856.0,29386.0,306.0,54859.0,2076.0,117981.0
2023,1,La Pampa,31.81,96.55,68.0,1399.0,50313.0,11510.0,10525.0,4423.0,21308.0,16958.0,116504.0
2023,1,La Rioja,21.23,79.74,18.0,502.0,1892.0,2470.0,24551.0,4949.0,52023.0,0.0,86405.0
2023,1,Mendoza,14.34,51.4,103.0,2945.0,32767.0,20813.0,30657.0,15046.0,169502.0,21186.0,293019.0
2023,1,Misiones,14.7,53.97,51.0,3448.0,34762.0,21817.0,11881.0,3881.0,106601.0,8244.0,190685.0
2023,1,Neuquen,23.38,78.55,168.0,986.0,38414.0,13933.0,13192.0,6195.0,85257.0,2267.0,160412.0
2023,1,Rio Negro,21.27,69.16,111.0,1076.0,29515.0,15171.0,18697.0,12079.0,57910.0,29772.0,164331.0
2023,1,Salta,13.97,57.67,114.0,1096.0,30564.0,69436.0,4822.0,104.0,92512.0,6778.0,205426.0
2023,1,San Juan,12.67,49.75,24.0,2020.0,30051.0,11221.0,14799.0,10268.0,21544.0,11840.0,101767.0
2023,1,San Luis,25.8,90.17,60.0,624.0,11680.0,24133.0,13659.0,75904.0,6050.0,3353.0,135463.0
2023,1,Santa Cruz,12.92,43.42,51.0,6810.0,11528.0,11380.0,9861.0,3697.0,5990.0,1044.0,50361.0
2023,1,Santa Fe,24.57,78.13,468.0,7655.0,98198.0,180708.0,75061.0,26306.0,479777.0,18101.0,886274.0
2023,1,Santiago Del Estero,11.8,47.55,178.0,1186.0,21551.0,57189.0,21277.0,734.0,15447.0,993.0,118555.0
2023,1,Tierra Del Fuego,30.9,104.23,22.0,831.0,10944.0,13048.0,21348.0,3959.0,2386.0,4575.0,57113.0
2023,1,Tucuman,14.95,60.34,39.0,1237.0,23379.0,29629.0,25565.0,1723.0,164402.0,15126.0,261100.0
2023,2,Buenos Aires,27.1,79.67,28007.0,24674.0,246067.0,253078.0,245505.0,107502.0,3883235.0,97420.0,4885488.0
2023,2,Capital Federal,47.27,115.48,516.0,4422.0,27827.0,54111.0,34364.0,6189.0,1330249.0,0.0,1457678.0
2023,2,Catamarca,17.15,67.42,71.0,226.0,3329.0,4076.0,4788.0,2285.0,58048.0,167.0,72990.0
2023,2,Chaco,11.46,42.87,236.0,475.0,14630.0,14176.0,7446.0,3008.0,97897.0,3987.0,141855.0
2023,2,Chubut,25.28,82.49,109.0,1467.0,45798.0,31021.0,24750.0,17708.0,28859.0,14249.0,163961.0
2023,2,Cordoba,27.59,90.13,99.0,8627.0,126496.0,99026.0,52240.0,25144.0,712647.0,43472.0,1067751.0
2023,2,Corrientes,13.79,52.37,67.0,2945.0,21781.0,22144.0,5937.0,4593.0,93048.0,7779.0,158294.0
2023,2,Entre Rios,19.26,64.43,107.0,4377.0,39693.0,49240.0,20231.0,22661.0,137638.0,0.0,273947.0
2023,2,Formosa,9.75,38.32,84.0,186.0,21944.0,11825.0,5202.0,300.0,20428.0,381.0,60350.0
2023,2,Jujuy,14.78,57.78,58.0,1440.0,16174.0,12344.0,29181.0,300.0,55867.0,2078.0,117442.0
2023,2,La Pampa,32.4,98.35,68.0,1365.0,48635.0,18475.0,14999.0,4266.0,29134.0,1968.0,118910.0
2023,2,La Rioja,21.3,80.01,18.0,454.0,1719.0,2236.0,24737.0,4888.0,52920.0,0.0,86972.0
2023,2,Mendoza,14.54,52.09,103.0,2945.0,36286.0,20985.0,33217.0,12649.0,176628.0,14863.0,297676.0
2023,2,Misiones,15.03,55.18,51.0,3247.0,34144.0,22649.0,12055.0,3862.0,110815.0,8648.0,195471.0
2023,2,Neuquen,23.5,78.97,168.0,984.0,38006.0,13946.0,13275.0,6649.0,85749.0,2969.0,161746.0
2023,2,Rio Negro,21.09,68.56,111.0,1070.0,29535.0,15050.0,20561.0,22752.0,58834.0,15466.0,163379.0
2023,2,Salta,13.92,57.48,114.0,1042.0,29687.0,67966.0,4523.0,94.0,95063.0,6839.0,205328.0
2023,2,San Juan,12.1,47.52,24.0,2020.0,21766.0,12810.0,13276.0,10042.0,21369.0,16142.0,97449.0
2023,2,San Luis,26.73,93.41,60.0,624.0,11543.0,23932.0,12756.0,74914.0,15090.0,1829.0,140748.0
2023,2,Santa Cruz,12.39,41.66,49.0,6720.0,10609.0,11253.0,9733.0,3667.0,6315.0,256.0,48602.0
2023,2,Santa Fe,24.79,78.83,468.0,7021.0,89275.0,172672.0,71957.0,24123.0,499408.0,30890.0,895814.0
2023,2,Santiago Del Estero,11.7,47.14,178.0,1152.0,16847.0,55281.0,26520.0,766.0,16066.0,999.0,117809.0
2023,2,Tierra Del Fuego,31.54,106.38,22.0,831.0,10556.0,12748.0,20962.0,4707.0,3901.0,4908.0,58635.0
2023,2,Tucuman,15.05,60.75,39.0,1091.0,21163.0,27206.0,25910.0,1661.0,185887.0,645.0,263602.0
2023,3,Buenos Aires,27.5,80.64,27440.0,24820.0,242010.0,241310.0,246076.0,112159.0,3951660.0,122762.0,4968237.0
2023,3,Capital Federal,47.6,116.4,516.0,4690.0,28089.0,50899.0,34061.0,6020.0,1343709.0,0.0,1467984.0
2023,3,Catamarca,17.44,68.55,71.0,224.0,3194.0,3893.0,4634.0,2124.0,60123.0,92.0,74355.0
2023,3,Chaco,11.46,42.87,236.0,462.0,14076.0,12874.0,6895.0,2970.0,100544.0,4089.0,142146.0
2023,3,Chubut,25.82,84.23,111.0,1470.0,44434.0,30908.0,24394.0,19608.0,30565.0,16578.0,168068.0
2023,3,Cordoba,27.57,90.05,99.0,8691.0,126420.0,96257.0,52428.0,26058.0,742447.0,16934.0,1069334.0
2023,3,Corrientes,13.9,52.78,67.0,2985.0,20810.0,20906.0,5494.0,4577.0,97014.0,7976.0,159829.0
2023,3,Entre Rios,20.58,68.84,107.0,4510.0,38962.0,49979.0,20312.0,22941.0,156482.0,0.0,293293.0
2023,3,Formosa,9.89,38.86,85.0,208.0,21919.0,11697.0,5045.0,274.0,21727.0,359.0,61314.0
2023,3,Jujuy,14.73,57.61,58.0,1436.0,15685.0,11983.0,28956.0,288.0,56943.0,2028.0,117377.0
2023,3,La Pampa,32.62,99.0,71.0,1358.0,47914.0,18238.0,14676.0,4081.0,31970.0,1613.0,119921.0
2023,3,La Rioja,21.41,80.44,18.0,459.0,1617.0,1989.0,24847.0,4798.0,53973.0,0.0,87701.0
2023,3,Mendoza,14.52,52.03,104.0,2948.0,36236.0,20942.0,30636.0,8032.0,193600.0,5524.0,298022.0
2023,3,Misiones,15.12,55.51,51.0,3302.0,32953.0,22315.0,11900.0,3862.0,113860.0,8892.0,197135.0
2023,3,Neuquen,23.8,79.97,170.0,981.0,37758.0,13937.0,11582.0,2377.0,84209.0,13259.0,164273.0
2023,3,Rio Negro,21.04,68.4,112.0,1061.0,29201.0,15014.0,21182.0,22752.0,59206.0,14957.0,163485.0
2023,3,Salta,13.94,57.57,115.0,1190.0,29305.0,67060.0,4059.0,78.0,97627.0,6799.0,206233.0
2023,3,San Juan,12.85,50.45,24.0,2021.0,21090.0,12882.0,12564.0,1440.0,31081.0,22628.0,103730.0
2023,3,San Luis,28.2,98.55,60.0,628.0,11398.0,23818.0,10926.0,74914.0,18688.0,8484.0,148916.0
2023,3,Santa Cruz,12.17,40.89,50.0,6722.0,10612.0,10853.0,9565.0,3643.0,6542.0,0.0,47987.0
2023,3,Santa Fe,24.87,79.09,468.0,7174.0,85897.0,168711.0,65489.0,20333.0,534474.0,17806.0,900352.0
2023,3,Santiago Del Estero,12.08,48.67,180.0,1199.0,15100.0,54503.0,28456.0,806.0,20734.0,950.0,121928.0
2023,3,Tierra Del Fuego,31.41,105.95,22.0,834.0,10550.0,12731.0,20384.0,5150.0,4040.0,5020.0,58731.0
2023,3,Tucuman,15.17,61.26,39.0,1236.0,20378.0,25026.0,25523.0,1633.0,192051.0,671.0,266557.0
2024,1,Buenos Aires,27.8,81.1,26002.0,22510.0,221185.0,233225.0,241778.0,106418.0,4068292.0,125147.0,5044557.0
2024,1,Capital Federal,48.78,119.53,516.0,5418.0,29753.0,51415.0,37369.0,5957.0,1374283.0,0.0,1504711.0
2024,1,Catamarca,17.5,68.82,71.0,176.0,2872.0,3424.0,4204.0,1822.0,62294.0,70.0,74933.0
2024,1,Chaco,12.48,46.7,236.0,416.0,14156.0,9044.0,5533.0,5718.0,116624.0,3816.0,155543.0
2024,1,Chubut,26.02,84.89,111.0,1083.0,43828.0,31885.0,23024.0,20261.0,33844.0,16640.0,170676.0
2024,1,Cordoba,27.77,90.7,99.0,8056.0,110371.0,87798.0,47085.0,29939.0,784141.0,14710.0,1082199.0
2024,1,Corrientes,13.68,51.94,67.0,2690.0,18637.0,16530.0,7680.0,1996.0,104052.0,6242.0,157894.0
2024,1,Entre Rios,20.72,69.31,107.0,4290.0,34574.0,51447.0,16122.0,7228.0,168809.0,13975.0,296552.0
2024,1,Formosa,10.08,39.61,85.0,158.0,22133.0,10924.0,4176.0,273.0,24667.0,302.0,62718.0
2024,1,Jujuy,14.74,57.65,58.0,1268.0,14964.0,11283.0,28548.0,276.0,59686.0,1970.0,118053.0
2024,1,La Pampa,33.11,100.49,71.0,1419.0,45089.0,17273.0,15221.0,5332.0,36191.0,1599.0,122195.0
2024,1,La Rioja,21.3,80.03,18.0,407.0,1336.0,1566.0,24770.0,4710.0,54975.0,0.0,87782.0
2024,1,Mendoza,14.67,52.59,104.0,2945.0,35893.0,20900.0,30049.0,7623.0,199517.0,5566.0,302597.0
2024,1,Misiones,15.46,56.76,51.0,3173.0,26882.0,26369.0,9812.0,3638.0,124105.0,8526.0,202556.0
2024,1,Neuquen,23.66,79.5,136.0,997.0,35382.0,13482.0,10491.0,2934.0,80656.0,20168.0,164246.0
2024,1,Rio Negro,21.88,71.14,112.0,1035.0,25500.0,17641.0,17191.0,18633.0,75331.0,15576.0,171019.0
2024,1,Salta,13.63,56.3,114.0,926.0,27352.0,64530.0,3192.0,62.0,100039.0,6646.0,202861.0
2024,1,San Juan,13.15,51.62,24.0,2021.0,22045.0,13030.0,11597.0,1343.0,33851.0,22755.0,106666.0
2024,1,San Luis,29.39,102.7,60.0,628.0,11318.0,23754.0,8953.0,70855.0,34554.0,5968.0,156090.0
2024,1,Santa Cruz,20.1,67.58,50.0,427.0,7764.0,9577.0,7182.0,7070.0,14335.0,33803.0,80208.0
2024,1,Santa Fe,25.28,80.4,468.0,6417.0,76294.0,153030.0,58595.0,28498.0,579118.0,16168.0,918588.0
2024,1,Santiago Del Estero,12.26,49.41,180.0,1134.0,12428.0,53211.0,24281.0,5796.0,26415.0,917.0,124362.0
2024,1,Tierra Del Fuego,32.54,109.78,22.0,834.0,10169.0,9674.0,12039.0,15932.0,5764.0,7121.0,61555.0
2024,1,Tucuman,14.98,60.48,39.0,927.0,16227.0,19918.0,23263.0,1582.0,202151.0,488.0,264595.0
2024,2,Buenos Aires,27.43,79.84,25287.0,23034.0,222627.0,221660.0,244528.0,106302.0,4020395.0,125547.0,4989380.0
2024,2,Capital Federal,47.44,116.37,518.0,4122.0,24539.0,40296.0,33158.0,5633.0,1355333.0,0.0,1463599.0
2024,2,Catamarca,17.5,68.81,72.0,164.0,2660.0,3093.0,3799.0,1279.0,63954.0,53.0,75074.0
2024,2,Chaco,11.78,44.06,236.0,349.0,14594.0,8336.0,6208.0,6454.0,107707.0,3208.0,147092.0
2024,2,Chubut,26.46,86.33,125.0,1139.0,43699.0,31971.0,22696.0,19827.0,38212.0,16554.0,174223.0
2024,2,Cordoba,27.79,90.79,103.0,7771.0,104023.0,84867.0,47180.0,27367.0,797600.0,16863.0,1085774.0
2024,2,Corrientes,13.53,51.38,67.0,2514.0,17264.0,15233.0,7058.0,2060.0,107094.0,5185.0,156475.0
2024,2,Entre Rios,20.52,68.64,107.0,4123.0,33357.0,48933.0,15240.0,7220.0,171352.0,13979.0,294311.0
2024,2,Formosa,10.1,39.69,85.0,142.0,21748.0,10864.0,3989.0,290.0,25541.0,291.0,62950.0
2024,2,Jujuy,14.91,58.3,59.0,1213.0,11836.0,14148.0,28183.0,687.0,61615.0,1943.0,119684.0
2024,2,La Pampa,33.33,101.17,71.0,1330.0,43807.0,17017.0,15353.0,5168.0,38916.0,1601.0,123263.0
2024,2,La Rioja,21.17,79.52,19.0,377.0,1124.0,1296.0,24703.0,4542.0,55420.0,0.0,87481.0
2024,2,Mendoza,14.6,52.3,108.0,2945.0,35803.0,20865.0,29649.0,7411.0,199311.0,5561.0,301653.0
2024,2,Misiones,15.72,57.73,51.0,3096.0,26173.0,26970.0,9290.0,4441.0,127506.0,9027.0,206554.0
2024,2,Neuquen,23.49,78.93,146.0,990.0,35229.0,13345.0,10590.0,3367.0,79985.0,19890.0,163542.0
2024,2,Rio Negro,21.95,71.35,118.0,1035.0,25810.0,17903.0,17570.0,18633.0,75408.0,15564.0,172041.0
2024,2,Salta,13.49,55.72,117.0,853.0,25886.0,62722.0,2619.0,68.0,102535.0,6541.0,201341.0
2024,2,San Juan,13.03,51.17,27.0,2022.0,22029.0,13028.0,11532.0,974.0,33634.0,22744.0,105990.0
2024,2,San Luis,29.59,103.4,60.0,629.0,11229.0,23702.0,4234.0,70855.0,40925.0,5975.0,157609.0
2024,2,Santa Cruz,20.8,69.92,56.0,434.0,7768.0,9578.0,10592.0,8874.0,12374.0,33785.0,83461.0
2024,2,Santa Fe,25.58,81.34,476.0,6016.0,74717.0,144612.0,57199.0,24685.0,594567.0,28701.0,930973.0
2024,2,Santiago Del Estero,12.33,49.67,181.0,1084.0,9905.0,52697.0,24388.0,3864.0,32306.0,889.0,125314.0
2024,2,Tierra Del Fuego,32.28,108.89,22.0,834.0,10152.0,9645.0,10738.0,16737.0,6157.0,7124.0,61409.0
2024,2,Tucuman,15.07,60.84,40.0,808.0,14221.0,18593.0,22153.0,1515.0,209241.0,343.0,266914.0
2023,4,Buenos Aires,27.68,80.96,93370.0,26890.0,144851.0,182997.0,283193.0,173255.0,4107064.0,0.0,5011620.0
2023,4,Capital Federal,47.8,117.02,31.0,485.0,20533.0,27291.0,60589.0,4982.0,1360456.0,0.0,1474367.0
2023,4,Catamarca,17.46,68.63,77.0,71.0,2043.0,1231.0,5700.0,3418.0,62047.0,0.0,74587.0
2023,4,Chaco,11.85,44.35,4040.0,236.0,4896.0,11534.0,12912.0,5989.0,107779.0,0.0,147386.0
2023,4,Chubut,26.04,84.96,16597.0,103.0,26573.0,32241.0,37380.0,17022.0,40254.0,0.0,170170.0
2023,4,Cordoba,27.76,90.67,17063.0,97.0,60441.0,77785.0,108545.0,42998.0,772373.0,0.0,1079302.0
2023,4,Corrientes,13.84,52.56,6484.0,67.0,12351.0,15521.0,18218.0,4245.0,102586.0,0.0,159472.0
2023,4,Entre Rios,20.91,69.94,14383.0,106.0,19505.0,25590.0,57779.0,10597.0,170677.0,0.0,298637.0
2023,4,Formosa,9.98,39.23,351.0,84.0,15104.0,7176.0,12561.0,3310.0,23416.0,0.0,62002.0
2023,4,Jujuy,14.77,57.78,1980.0,58.0,8939.0,8719.0,34644.0,4873.0,58807.0,0.0,118020.0
2023,4,La Pampa,32.93,99.96,1613.0,68.0,15619.0,34505.0,19759.0,11540.0,38222.0,0.0,121326.0
2023,4,La Rioja,21.35,80.22,0.0,18.0,879.0,1124.0,17485.0,9263.0,58952.0,0.0,87721.0
2023,4,Mendoza,14.55,52.15,5501.0,102.0,23928.0,25786.0,33678.0,7263.0,203093.0,0.0,299351.0
2023,4,Misiones,15.33,56.27,8925.0,51.0,20171.0,18012.0,21291.0,8929.0,122954.0,0.0,200333.0
2023,4,Neuquen,23.78,79.91,20177.0,135.0,20110.0,22684.0,16044.0,1770.0,83707.0,0.0,164627.0
2023,4,Rio Negro,21.61,70.26,15587.0,111.0,15804.0,23470.0,16984.0,20634.0,75827.0,0.0,168417.0
2023,4,Salta,13.8,56.98,6685.0,114.0,17008.0,19414.0,60396.0,2091.0,99024.0,0.0,204732.0
2023,4,San Juan,12.75,50.08,22649.0,24.0,19587.0,12969.0,15031.0,1928.0,31022.0,0.0,103210.0
2023,4,San Luis,29.21,102.07,917.0,60.0,5310.0,9260.0,28597.0,77257.0,33284.0,0.0,154685.0
2023,4,Santa Cruz,21.94,73.75,33438.0,46.0,4988.0,5637.0,15163.0,6302.0,21457.0,0.0,87031.0
2023,4,Santa Fe,25.08,79.75,16458.0,436.0,43186.0,61687.0,170503.0,46409.0,570822.0,0.0,909501.0
2023,4,Santiago Del Estero,12.18,49.08,932.0,178.0,8470.0,6187.0,68623.0,9422.0,29418.0,0.0,123230.0
2023,4,Tierra Del Fuego,32.75,110.49,7879.0,22.0,6465.0,12686.0,23904.0,6072.0,4571.0,0.0,61599.0
2023,4,Tucuman,15.12,61.04,562.0,39.0,9364.0,10866.0,37678.0,9923.0,197903.0,0.0,266335.0
